"name","authorFirstName","authorLastName","category","year","publisher","isbn","issn","otherIdentifier","mediaType","isLendable","isMetalabPickupPossible","itemBarcode","location"
"Thermodynamik","Michael","Abbott","Fachbuch Naturwissenschaften",,,70843643,,,"Buch","Ja","Ja",,"Außenstelle Brigittenau I"
"Verbotene Welt","Isabel","Abedi","Belletristik Jugendliteratur",2008,,9783785563007,,,"Buch","Ja","Ja",,"Außenstelle Brigittenau I"
"Das Geheimnis zweier Ozeane","Grigori","Adamow","Belletristik SciFi",,,,,,"Buch","Ja","Ja",,"Außenstelle Brigittenau I"
"Geh, sattle das Meer","Joan","Aiken","Belletristik",,,9783570214077,,,"Buch","Ja","Ja",,"Außenstelle Brigittenau I"
"Bluff dich durch: Computer","Robert","Ainsley","Anderes",,,3770440048,,,"Buch","Ja","Ja",,"Außenstelle Brigittenau I"
"Nordland","Gabriele","Albers","Belletristik",2018,"ACABUS Verlag",9783862825493,,,"Buch","Ja","Ja",,"Außenstelle Brigittenau I"
"Die Sechzigerjahre II","Hans","Alpers","Fachbuch Geschichte",1984,,3814700376,,,"Buch","Ja","Ja",,"Außenstelle Brigittenau I"
"Pompeji","Alberto","Angela","Belletristik Geschichte",,,9783442159567,,,"Buch","Ja","Ja",,"Außenstelle Brigittenau I"
"Im Tunnel","Sergej","Antonow","Belletristik Dystopie",,,9783453314078,,,"Buch","Ja","Ja",,"Außenstelle Brigittenau I"
"Viva Mad!","Sergio","Aragones","Comic",,,3807100520,,,"Buch","Ja","Ja",,"Außenstelle Brigittenau I"
"Helvetica Standard Bold","Keiichi","Arawi","Manga",2017,"Vertical Comics",9781945054327,,,"Buch","Ja","Ja",,"Außenstelle Brigittenau I"
"Helvetica Standard Italic","Keiichi","Arawi","Manga",2017,"Vertical Comics",9781945054334,,,"Buch","Ja","Ja",,"Außenstelle Brigittenau I"
"Das Foundation Projekt","Isaac","Asimov","Belletristik",,,9783453875470,,,"Buch","Ja","Ja",,"Außenstelle Brigittenau I"
"Meine Freunde die Roboter","Isaac","Asimov","Belletristik",2002,,9783453215313,,,"Buch","Ja","Ja",,"Außenstelle Brigittenau I"
"Der Baader-Meinhof Komplex","Stefan","Aust","Fachbuch Geschichte",2008,,9783442469017,,,"Buch","Ja","Ja",,"Außenstelle Brigittenau I"
"Räuchern mit heimischen Kräutern","Marlis","Bader","Pseudofachbuch",2008,,9783442218110,,,"Buch","Ja","Ja",,"Außenstelle Brigittenau I"
"Access 97","Said","Baloui","Fachbuch IT",,,9783827252296,,,"Buch","Ja","Ja",,"Außenstelle Brigittenau I"
"Linux kurz & gut","Daniel","Barrett","Fachbuch IT",2012,"O'Reilly Germany",9783868994124,,,"Buch","Ja","Ja",,"Außenstelle Brigittenau I"
"Bordland Pascal 7.0","Irene","Bauder","Fachbuch IT",,,9783877914502,,,"Buch","Ja","Ja",,"Außenstelle Brigittenau I"
"ECo-C Teil 1","Thomas","Bauer","Fachbuch Diverse",,,9783200011861,,,"Buch","Ja","Ja",,"Außenstelle Brigittenau I"
"Opas Engel","Jutta","Bauer","Belletristik",,,,,,"Buch","Ja","Ja",,"Außenstelle Brigittenau I"
"Zeitschiffe","Stephen","Baxter","Belletristik SciFi",,,9783453210912,,,"Buch","Ja","Ja",,"Außenstelle Brigittenau I"
"Dialogmarketing Trends 2010/2011","Claudia","Bayer","Fachbuch Wirtschaft",,,9783981161076,,,"Buch","Ja","Ja",,"Außenstelle Brigittenau I"
"Projektmanagement für IT Projekte","Arndt","Beiderwiesen","Fachbuch IT",2001,,9783823711773,,,"Buch","Ja","Ja",,"Außenstelle Brigittenau I"
"Die Rechte der anderen","Seyla","Benhabib","Fachbuch Recht",2009,,9783893319725,,,"Buch","Ja","Ja",,"Außenstelle Brigittenau I"
"Das Geheimnis des Steins","Anna","Benthin","Belletristik Jugendliteratur",,,9783785523216,,,"Buch","Ja","Ja",,"Außenstelle Brigittenau I"
"El Comandante","C.C.","Bergius","Belletristik Western",,,3547713056,,,"Buch","Ja","Ja",,"Außenstelle Brigittenau I"
"Der Gefangene der Schilluk","Richard","Blasius","Belletristik Western",,,,,,"Buch","Ja","Ja",,"Außenstelle Brigittenau I"
"5 Freunde auf dem Leuchtturm","Enid","Blyton","Belletristik Jugendliteratur",,,,,,"Buch","Ja","Ja",,"Außenstelle Brigittenau I"
"5 Freunde auf der Felseninsel","Enid","Blyton","Belletristik Jugendliteratur",,,3570078116,,,"Buch","Ja","Ja",,"Außenstelle Brigittenau I"
"5 Freunde auf neuen Abenteuern","Enid","Blyton","Belletristik Jugendliteratur",,,,,,"Buch","Ja","Ja",,"Außenstelle Brigittenau I"
"5 Freunde auf Schmugglerjagd","Enid","Blyton","Belletristik Jugendliteratur",,,,,,"Buch","Ja","Ja",,"Außenstelle Brigittenau I"
"5 Freunde beim Wanderzirkus","Enid","Blyton","Belletristik Jugendliteratur",,,3570078108,,,"Buch","Ja","Ja",,"Außenstelle Brigittenau I"
"5 Freunde erforschen die Schatzinsel","Enid","Blyton","Belletristik Jugendliteratur",,,3570078043,,,"Buch","Ja","Ja",,"Außenstelle Brigittenau I"
"5 Freunde geraten in Schwierigkeiten","Enid","Blyton","Belletristik Jugendliteratur",,,,,,"Buch","Ja","Ja",,"Außenstelle Brigittenau I"
"5 Freunde helfen ihrem Kameraden","Enid","Blyton","Belletristik Jugendliteratur",,,,,,"Buch","Ja","Ja",,"Außenstelle Brigittenau I"
"5 Freunde im alten Turm","Enid","Blyton","Belletristik Jugendliteratur",,,3570078418,,,"Buch","Ja","Ja",,"Außenstelle Brigittenau I"
"5 Freunde im alten Turm","Enid","Blyton","Belletristik Jugendliteratur",,,,,,"Buch","Ja","Ja",,"Außenstelle Brigittenau I"
"5 Freunde im Nebel","Enid","Blyton","Belletristik Jugendliteratur",,,3570033279,,,"Buch","Ja","Ja",,"Außenstelle Brigittenau I"
"5 Freunde jagen die Entführer","Enid","Blyton","Belletristik Jugendliteratur",,,3570033236,,,"Buch","Ja","Ja",,"Außenstelle Brigittenau I"
"5 Freunde machen eine Entdeckung","Enid","Blyton","Belletristik Jugendliteratur",,,3570078604,,,"Buch","Ja","Ja",,"Außenstelle Brigittenau I"
"5 Freunde und der Zauberer Wu","Enid","Blyton","Belletristik Jugendliteratur",,,,,,"Buch","Ja","Ja",,"Außenstelle Brigittenau I"
"Die Burg, die Insel und das Tal der Abenteuer","Enid","Blyton","Belletristik Jugendliteratur",,,9783828961340,,,"Buch","Ja","Ja",,"Außenstelle Brigittenau I"
"Greenpeace: Changing the world","Conny","Boettger","Fachbuch Diverse",2001,,9783924044954,,,"Buch","Ja","Ja",,"Außenstelle Brigittenau I"
"Klausurtraning Mathematik","Helmut","Böhm","Fachbuch Naturwissenschaften",,,90070419,,,"Buch","Ja","Ja",,"Außenstelle Brigittenau I"
"Mathematik für Wirtschaft","Walter","Böhm","Fachbuch Naturwissenschaften",,,90060915,,,"Buch","Ja","Ja",,"Außenstelle Brigittenau I"
"Grün ist die Hoffnung","Tom","Boyle","Belletristik Jugendliteratur",2005,,9783423207744,,,"Buch","Ja","Ja",,"Außenstelle Brigittenau I"
"Aus Licht gewoben","Alexandra","Bracken","Belletristik Jugendliteratur",,,9783442472604,,,"Buch","Ja","Ja",,"Außenstelle Brigittenau I"
"Fahrenheit 451","Ray","Bradbury","Belletristik Dystopie",1981,"Distribooks Incorporated",9783257208627,,,"Buch","Ja","Ja",,"Außenstelle Brigittenau I"
"Seefunk auf allen Meeren","Rainer","Brannolte","Fachbuch Funk",,,3922221513,,,"Buch","Ja","Ja",,"Außenstelle Brigittenau I"
"Sagenreise durch Niederösterreich","Franz","Braumann","Belletristik Märchen",,,3853264281,,,"Buch","Ja","Ja",,"Außenstelle Brigittenau I"
"Die Entdeckung des Chaos","John","Briggs","Fachbuch Naturwissenschaften",,,9783860477519,,,"Buch","Ja","Ja",,"Außenstelle Brigittenau I"
"Große Sprünge","Lauren","Brooke","Belletristik Jugendliteratur",,,9783473349203,,,"Buch","Ja","Ja",,"Außenstelle Brigittenau I"
"Kissing in the Rain","Kevin","Brooks","Belletristik Jugendliteratur",,,,,,"Buch","Ja","Ja",,"Außenstelle Brigittenau I"
"Diabolus","Dan","Brown","Belletristik Dystopie",2005,,9783785721940,,,"Buch","Ja","Ja",,"Außenstelle Brigittenau I"
"Meteor","Dan","Brown","Belletristik Dystopie",,,9783404150557,,,"Buch","Ja","Ja",,"Außenstelle Brigittenau I"
"Giovanna und der Sumpf","Karl","Bruckner","Belletristik Jugendliteratur",,,,,,"Buch","Ja","Ja",,"Außenstelle Brigittenau I"
"Und fanden die Liebe nicht","Pearl","Buck","Belletristik Jugendliteratur",,,,,,"Buch","Ja","Ja",,"Außenstelle Brigittenau I"
"Dämliche Dämonen","Royce","Buckingham","Belletristik Jugendliteratur",,,9783764530068,,,"Buch","Ja","Ja",,"Außenstelle Brigittenau I"
"Der Wille des Königs","Royce","Buckingham","Belletristik Fantasy",2014,,9783442269396,,,"Buch","Ja","Ja",,"Außenstelle Brigittenau I"
"Analysis","Klemens","Burg","Fachbuch Naturwissenschaften",,,9783519529552,,,"Buch","Ja","Ja",,"Außenstelle Brigittenau I"
"Einstein sagt","Alice","Calaprice","Fachbuch Geschichte",2007,,9783492250894,,,"Buch","Ja","Ja",,"Außenstelle Brigittenau I"
"Command Line Kung Fu","Jason","Cannon","Fachbuch IT",2014,"CreateSpace",9781499222036,,,"Buch","Ja","Ja",,"Außenstelle Brigittenau I"
"LDAP","Gerald","Carter","Fachbuch IT",2003,"O'Reilly Media",9781565924918,,,"Buch","Ja","Ja",,"Außenstelle Brigittenau I"
"Nur der Tod sühnt deine Schuld","Carla","Cassidy","Belletristik",,,9783863653941,,,"Buch","Ja","Ja",,"Außenstelle Brigittenau I"
"Internet Marketing for Dummies","Frank","Catalano","Fachbuch Wirtschaft",2000,"For Dummies",9780764507786,,,"Buch","Ja","Ja",,"Außenstelle Brigittenau I"
"Alterra im Reich der Königin","Maxime","Chattam","Belletristik Fantasy",2010,,9783426283066,,,"Buch","Ja","Ja",,"Außenstelle Brigittenau I"
"Special Net Force: Das Ziel","Tom","Clancy","Belletristik SciFi",2010,,9783453722903,,,"Buch","Ja","Ja",,"Außenstelle Brigittenau I"
"Artemis Fowl","Eoin","Colfer","Belletristik SciFi",2003,,9783548603209,,,"Buch","Ja","Ja",,"Außenstelle Brigittenau I"
"Artemis Fowl: Der Geheimcode","Eoin","Colfer","Belletristik SciFi",2004,,9783548604855,,,"Buch","Ja","Ja",,"Außenstelle Brigittenau I"
"Fundraising on the web","Adam","Corson","Fachbuch Wirtschaft",1998,"American Library Association",9780838907276,,,"Buch","Ja","Ja",,"Außenstelle Brigittenau I"
"Robinson Crusoe","Daniel","Defoe","Belletristik Erzählung",,,,,,"Buch","Ja","Ja",,"Außenstelle Brigittenau I"
"Robinson Crusoe","Daniel","Defoe","Belletristik Erzählung",,,9783860477663,,,"Buch","Ja","Ja",,"Außenstelle Brigittenau I"
"Die blaue Katze die Oliven ißt","Meindert","DeJong","Belletristik Jugendliteratur",,,3414149605,,,"Buch","Ja","Ja",,"Außenstelle Brigittenau I"
"Hinter dem Horizont","Andrej","Djakow","Belletristik SciFi",,,9783453315143,,,"Buch","Ja","Ja",,"Außenstelle Brigittenau I"
"Die Reise in die Dunkelheit","Andrej","Djakow","Belletristik SciFi",2012,,9783453529397,,,"Buch","Ja","Ja",,"Außenstelle Brigittenau I"
"Die Reise ins Licht","Andrej","Djakow","Belletristik SciFi",,,9783453528543,,,"Buch","Ja","Ja",,"Außenstelle Brigittenau I"
"Weltgeschichte auf einen Blick","Hans","Dollinger","Fachbuch Geschichte",,,,,,"Buch","Ja","Ja",,"Außenstelle Brigittenau I"
"Psychoanalytische Begriffe","Friedrich","Doucet","Fachbuch Psychologie",,,,,,"Buch","Ja","Ja",,"Außenstelle Brigittenau I"
"Geist auf Abwegen: Parkinson, Asperger und Co.","Douwe","Draaisma","Fachbuch Psychologie",2010,,9783492253383,,,"Buch","Ja","Ja",,"Außenstelle Brigittenau I"
"Der Graf von Monte Christo 1","Alexandre","Dumas","Belletristik Geschichte",1994,,9783893506200,,,"Buch","Ja","Ja",,"Außenstelle Brigittenau I"
"Geräte und Systemtechnik","Michael","Dzieia","Fachbuch Elektronik",,,9783142350370,,,"Buch","Ja","Ja",,"Außenstelle Brigittenau I"
"Vegane Lunchbox","Jerome","Eckmeier","Kochbuch",2016,,9783831029372,,,"Buch","Ja","Ja",,"Außenstelle Brigittenau I"
"Sämtliche Glossen und Parodien","Umberto","Eco","Belletristik Jugendliteratur",,,3446201114,,,"Buch","Ja","Ja",,"Außenstelle Brigittenau I"
"Allgemeinbildung XXL","Matthias","Edbauer","Fachbuch Haushalt",,,9783817459858,,,"Buch","Ja","Ja",,"Außenstelle Brigittenau I"
"Der Circle","Dave","Eggers","Belletristik SciFi",2015,,9783462048544,,,"Buch","Ja","Ja",,"Außenstelle Brigittenau I"
"Über die Relativitätstheorie","Albert","Einstein","Fachbuch Naturwissenschaften",2008,"Springer Science & Business Media",9783540877769,,,"Buch","Ja","Ja",,"Außenstelle Brigittenau I"
"Blackout","Marc","Elsberg","Belletristik SciFi",2012,,9783764504458,,,"Buch","Ja","Ja",,"Außenstelle Brigittenau I"
"Gier","Marc","Elsberg","Belletristik SciFi",,,9783764506322,,,"Buch","Ja","Ja",,"Außenstelle Brigittenau I"
"Zero","Marc","Elsberg","Belletristik SciFi",2016,,9783734100932,,,"Buch","Ja","Ja",,"Außenstelle Brigittenau I"
"Die unendliche Geschichte","Michael","Ende","Belletristik Fantasy",2019,,9783522202503,,,"Buch","Ja","Ja",,"Außenstelle Brigittenau I"
"Momo","Michael","Ende","Belletristik Fantasy",2005,,9783522177504,,,"Buch","Ja","Ja",,"Außenstelle Brigittenau I"
"Analytische Geometrie & Algebra","Kurt","Endl","Fachbuch Naturwissenschaften",,,3184007693,,,"Buch","Ja","Ja",,"Außenstelle Brigittenau I"
"Informationstechnik","Kemal","Erdem","Fachbuch IT",,,3142312307,,,"Buch","Ja","Ja",,"Außenstelle Brigittenau I"
"The Greenpeace Chronicles","Steve","Erwood","Belletristik Geschichte",,,9789073361003,,,"Buch","Ja","Ja",,"Außenstelle Brigittenau I"
"VW Transporter reparieren","Rüdiger","Etzold","Fachbuch Diverse",1992,,9783768807388,,,"Buch","Ja","Ja",,"Außenstelle Brigittenau I"
"Der lange Weg des Lukas B.","Willi","Fährmann","Belletristik Jugendliteratur",,,,,,"Buch","Ja","Ja",,"Außenstelle Brigittenau I"
"Angriff aus dem Netz","Brian","Falkner","Belletristik SciFi",,,9783423248419,,,"Buch","Ja","Ja",,"Außenstelle Brigittenau I"
"Psychopharmaka in Stichworten","Volker","Faust","Fachbuch Medizin",1992,,3609633409,,,"Buch","Ja","Ja",,"Außenstelle Brigittenau I"
"Elektrische & elektronische Meßtechnik","Rainer","Felderhoff","Fachbuch Elektronik",,,3446156089,,,"Buch","Ja","Ja",,"Außenstelle Brigittenau I"
"Wir Kinder vom Bahnhof Zoo","Christiane","Felscherinow","Belletristik Geschichte",,,9783551317322,,,"Buch","Ja","Ja",,"Außenstelle Brigittenau I"
"Mathematik Maturaaufgaben","Friedrich","Fiala","Fachbuch Naturwissenschaften",,,3209004676,,,"Buch","Ja","Ja",,"Außenstelle Brigittenau I"
"Analytische Geometrie","Gerd","Fischer","Fachbuch Naturwissenschaften",2001,"Vieweg+Teubner Verlag",9783528672355,,,"Buch","Ja","Ja",,"Außenstelle Brigittenau I"
"Abgeschnitten","Sebastian","Fitzek","Belletristik Thriller",2018,,9783426522813,,,"Buch","Ja","Ja",,"Außenstelle Brigittenau I"
"Noah","Sebastian","Fitzek","Belletristik Thriller",2013,,9783785724828,,,"Buch","Ja","Ja",,"Außenstelle Brigittenau I"
"Albert Einstein","Albrecht","Fölsing","Fachbuch Geschichte",1995,,9783518389904,,,"Buch","Ja","Ja",,"Außenstelle Brigittenau I"
"Weltwunder der Natur","Herbert","Franke","Fachbuch Geschichte",,,9783906058184,,,"Buch","Ja","Ja",,"Außenstelle Brigittenau I"
"Karl Marx","Richard","Friedenthal","Fachbuch Geschichte",1981,,9783492027137,,,"Buch","Ja","Ja",,"Außenstelle Brigittenau I"
"Leonardo","Richard","Friedenthal","Fachbuch Geschichte",,,,,,"Buch","Ja","Ja",,"Außenstelle Brigittenau I"
"Sofies Welt","Jostein","Gaarder","Belletristik Fantasy",1999,,9783423620000,,,"Buch","Ja","Ja",,"Außenstelle Brigittenau I"
"Wer pumpt die Luft in die Paprika?","Peter-Matthias","Gaede","Fachbuch Naturwissenschaften",2006,,9783499620867,,,"Buch","Ja","Ja",,"Außenstelle Brigittenau I"
"Ansible for DevOps","Jeff","Geerling","Fachbuch IT",2015,"Midwestern Mac, LLC",9780986393419,,,"Buch","Ja","Ja",,"Außenstelle Brigittenau I"
"SQL kurz & gut","Jonathan","Gennick","Fachbuch IT",,,9783897215221,,,"Buch","Ja","Ja",,"Außenstelle Brigittenau I"
"Steinheilkunde","Michael","Gienger","Fachbuch Religion",1995,,9783890600154,,,"Buch","Ja","Ja",,"Außenstelle Brigittenau I"
"Metro 2034","Dmitry","Gluchowsky","Belletristik Dystopie",2009,,9783453533011,,,"Buch","Ja","Ja",,"Außenstelle Brigittenau I"
"Metro 2035","Dmitry","Gluchowsky","Belletristik Dystopie",2016,,9783453315556,,,"Buch","Ja","Ja",,"Außenstelle Brigittenau I"
"Metro 2033","Dmitry","Gluchowsky","Belletristik Dystopie",2008,,9783453532984,,,"Buch","Ja","Ja",,"Außenstelle Brigittenau I"
"PHP 5 Neuerungen","Martin","Goldmann","Fachbuch IT",,,9783898424905,,,"Buch","Ja","Ja",,"Außenstelle Brigittenau I"
"The da Vinci Code","Akiva","Goldsman","Fachbuch Diverse",2006,,9783404285020,,,"Buch","Ja","Ja",,"Außenstelle Brigittenau I"
"Der Herrscher des Himmels","Barbara","Goldstein","Belletristik Fantasy",,,9783404156092,,,"Buch","Ja","Ja",,"Außenstelle Brigittenau I"
"Am Ende der Welten","Terry","Goodkind","Belletristik Fantasy",2009,,9783442373895,,,"Buch","Ja","Ja",,"Außenstelle Brigittenau I"
"Das erste Gesetz der Magie","Terry","Goodkind","Belletristik Fantasy",,,9783442369676,,,"Buch","Ja","Ja",,"Außenstelle Brigittenau I"
"Der Tempel der vier Winde","Terry","Goodkind","Belletristik Fantasy",2008,,9783442371044,,,"Buch","Ja","Ja",,"Außenstelle Brigittenau I"
"Die Günstlinge der Unterwelt","Terry","Goodkind","Belletristik Fantasy",,,9783442369690,,,"Buch","Ja","Ja",,"Außenstelle Brigittenau I"
"Die Magie der Erinnerung","Terry","Goodkind","Belletristik Fantasy",2009,,9783442372904,,,"Buch","Ja","Ja",,"Außenstelle Brigittenau I"
"Die Säulen der Schöpfung","Terry","Goodkind","Belletristik Fantasy",2009,,9783442372881,,,"Buch","Ja","Ja",,"Außenstelle Brigittenau I"
"Die Schwestern des Lichts","Terry","Goodkind","Belletristik Fantasy",2008,,9783442369683,,,"Buch","Ja","Ja",,"Außenstelle Brigittenau I"
"Die Seele des Feuers","Terry","Goodkind","Belletristik Fantasy",2009,,9783442371051,,,"Buch","Ja","Ja",,"Außenstelle Brigittenau I"
"Konfessor","Terry","Goodkind","Belletristik Fantasy",,,9783442373901,,,"Buch","Ja","Ja",,"Außenstelle Brigittenau I"
"Schwester der Finsternis","Terry","Goodkind","Belletristik Fantasy",2009,,9783442371068,,,"Buch","Ja","Ja",,"Außenstelle Brigittenau I"
"Tunnel - Das Licht der Finsternis","Roderick","Gordon","Belletristik Dystopie",,,9783401062747,,,"Buch","Ja","Ja",,"Außenstelle Brigittenau I"
"Asterix redt Wienerisch 4","Rene","Goscinny","Comic",2018,,9783770440146,,,"Buch","Ja","Ja",,"Außenstelle Brigittenau I"
"Gita - wie sie ist","Divine","Grace","Fachbuch Religion",,,9789171496515,,,"Buch","Ja","Ja",,"Außenstelle Brigittenau I"
"Das neue Rock Lexikon","Barry","Graves","Fachbuch Geschichte",,,9783499163203,,,"Buch","Ja","Ja",,"Außenstelle Brigittenau I"
"Theo Boone und der unsichtbare Zeuge","John","Grisham","Belletristik Thriller",2010,,9783453260009,,,"Buch","Ja","Ja",,"Außenstelle Brigittenau I"
"Unglaublich einfach - einfach unglaublich","Werner","Gruber","Fachbuch Naturwissenschaften",2008,,9783453600621,,,"Buch","Ja","Ja",,"Außenstelle Brigittenau I"
"Wer nichts weiß, muss alles glauben","Werner","Gruber","Fachbuch Naturwissenschaften",,,9783902404930,,,"Buch","Ja","Ja",,"Außenstelle Brigittenau I"
"Doktor Faustus","Fritz","Habeck","Belletristik Geschichte",,,3714113444,,,"Buch","Ja","Ja",,"Außenstelle Brigittenau I"
"Maddrax. In den Fängen des Weltrats","Roland","Hahn","Belletristik SciFi",2004,,9783404232734,,,"Buch","Ja","Ja",,"Außenstelle Brigittenau I"
"Der ewige Krieg","Joe","Haldeman","Belletristik Dystopie",2002,,9783453164147,,,"Buch","Ja","Ja",,"Außenstelle Brigittenau I"
"Der Kreis ist ein rundes Quadrat","Michael","Hallstatt","Belletristik Erzählung",,,,,,"Buch","Ja","Ja",,"Außenstelle Brigittenau I"
"Japanisch im Sauseschritt 1","Thomas","Hammes","Fachbuch Diverse",2005,,4990038479,,,"Buch","Ja","Ja",,"Außenstelle Brigittenau I"
"Akkus und Batterien richtig pflegen und laden","Bo","Hanus","Fachbuch Elektronik",2008,,9783772343896,,,"Buch","Ja","Ja",,"Außenstelle Brigittenau I"
"Praktische Solaranwendungen","Bo","Hanus","Fachbuch Elektronik",2007,"Franzis Verlag",9783772344107,,,"Buch","Ja","Ja",,"Außenstelle Brigittenau I"
"Imperium","Robert","Harris","Belletristik Geschichte",2010,,9783570306383,,,"Buch","Ja","Ja",,"Außenstelle Brigittenau I"
"Phi Phi Island","Josef","Haslinger","Belletristik Geschichte",,,,,,"Buch","Ja","Ja",,"Außenstelle Brigittenau I"
"Digitale Kommunikation über Funk","Peter","Hatzold","Fachbuch Funk",1999,,9783772351549,,,"Buch","Ja","Ja",,"Außenstelle Brigittenau I"
"Das Piratenschiff","Rick","Haupt","Belletristik Fantasy",2006,,9783492246255,,,"Buch","Ja","Ja",,"Außenstelle Brigittenau I"
"Netzethik","Thomas","Hausmanninger","Fachbuch IT",2002,,9783770537471,,,"Buch","Ja","Ja",,"Außenstelle Brigittenau I"
"Der geheime Schlüssel zum Universum","Stephen","Hawking","Belletristik Jugendliteratur",2007,,9783570132845,,,"Buch","Ja","Ja",,"Außenstelle Brigittenau I"
"Die unglaubliche Reise ins Universum","Stephen","Hawking","Belletristik Jugendliteratur",,,9783570133927,,,"Buch","Ja","Ja",,"Außenstelle Brigittenau I"
"Japanisch in vier Wochen","Katja","Heere","Fachbuch Diverse",2014,"PONS",9783125619593,,,"Buch","Ja","Ja",,"Außenstelle Brigittenau I"
"GPRS Gateways zu 3G Mobilfunknetzen","Gunnar","Heine","Fachbuch Elektronik",,,9783772345531,,,"Buch","Ja","Ja",,"Außenstelle Brigittenau I"
"LPIC 1","Peer","Heinlein","Fachbuch IT",2013,,9783941841826,,,"Buch","Ja","Ja",,"Außenstelle Brigittenau I"
"Das Evangelium des fligenden Spaghettimonsters","Bobby","Henderson","Fachbuch Religion",,,9783442542628,,,"Buch","Ja","Ja",,"Außenstelle Brigittenau I"
"Linux Essentials","Christian","Hesse","Fachbuch IT",2012,,9783941841680,,,"Buch","Ja","Ja",,"Außenstelle Brigittenau I"
"Turbo Pascal","Christoph","Hesselmann","Fachbuch IT",,,9783887453084,,,"Buch","Ja","Ja",,"Außenstelle Brigittenau I"
"Turbo Pascal","Marius","Heyn","Fachbuch IT",1987,,9783890112176,,,"Buch","Ja","Ja",,"Außenstelle Brigittenau I"
"Der Dipol in Theorie und Praxis","Karl","Hille","Fachbuch Funk",1995,,9783910159068,,,"Buch","Ja","Ja",,"Außenstelle Brigittenau I"
"Windom- und Stromsummenantennen","Karl","Hille","Fachbuch Elektronik",2000,,9783910159143,,,"Buch","Ja","Ja",,"Außenstelle Brigittenau I"
"Zeitbombe Radioaktivität","Wolfgang","Hingst","Fachbuch Naturwissenschaften",,,3701500770,,,"Buch","Ja","Ja",,"Außenstelle Brigittenau I"
"Am Ende der Welt","Wolfgang","Hohlbein","Belletristik Fantasy",2007,,9783802536168,,,"Buch","Ja","Ja",,"Außenstelle Brigittenau I"
"Der Spinnenkrieg","Wolfgang","Hohlbein","Belletristik Fantasy",,,9783828901438,,,"Buch","Ja","Ja",,"Außenstelle Brigittenau I"
"Vegan kann jeder","Nadine","Horn","Kochbuch",,,9783942491457,,,"Buch","Ja","Ja",,"Außenstelle Brigittenau I"
"Der eiserne Wald","Chris","Howard","Belletristik Dystopie",,,9783426512890,,,"Buch","Ja","Ja",,"Außenstelle Brigittenau I"
"Das dritte Reich II","Heinz","Huber","Fachbuch Geschichte",,,,,,"Buch","Ja","Ja",,"Außenstelle Brigittenau I"
"Öko Krieger","Emily","Hunter","Belletristik Jugendliteratur",,,9783596188741,,,"Buch","Ja","Ja",,"Außenstelle Brigittenau I"
"Schöne neue Welt","Aldous","Huxley","Belletristik Dystopie",2014,,9783596905737,,,"Buch","Ja","Ja",,"Außenstelle Brigittenau I"
"Woran du erkennst, dass deine Katze deinen Tod plant","Matthew","Inman","Belletristik Jugendliteratur",2013,"John Wiley & Sons",9783527507412,,,"Buch","Ja","Ja",,"Außenstelle Brigittenau I"
"Magico 1","Naoki","Iwamoto","Manga",,,9782889215119,,,"Buch","Ja","Ja",,"Außenstelle Brigittenau I"
"Magico 2","Naoki","Iwamoto","Manga",,,9782889215126,,,"Buch","Ja","Ja",,"Außenstelle Brigittenau I"
"Magico 3","Naoki","Iwamoto","Manga",,,9782889215133,,,"Buch","Ja","Ja",,"Außenstelle Brigittenau I"
"Magico 4","Naoki","Iwamoto","Manga",,,9782889215140,,,"Buch","Ja","Ja",,"Außenstelle Brigittenau I"
"Magico 5","Naoki","Iwamoto","Manga",,,9782889215157,,,"Buch","Ja","Ja",,"Außenstelle Brigittenau I"
"Magico 6","Naoki","Iwamoto","Manga",,,9782889215164,,,"Buch","Ja","Ja",,"Außenstelle Brigittenau I"
"Magico 7","Naoki","Iwamoto","Manga",,,9782889215171,,,"Buch","Ja","Ja",,"Außenstelle Brigittenau I"
"Magico 8","Naoki","Iwamoto","Manga",,,9782889215188,,,"Buch","Ja","Ja",,"Außenstelle Brigittenau I"
"Telekommunikationstechnik","Horst","Jansen","Fachbuch Elektronik",,,,,,"Buch","Ja","Ja",,"Außenstelle Brigittenau I"
"Mein schwarzer Hund","Matthew","Johnstone","Fachbuch Psychologie",2008,,9783888975370,,,"Buch","Ja","Ja",,"Außenstelle Brigittenau I"
"Resilenz","Matthew","Johnstone","Fachbuch Psychologie",2015,,9783956140662,,,"Buch","Ja","Ja",,"Außenstelle Brigittenau I"
"Die Verwandlung","Franz","Kafka","Belletristik Erzählung",2005,,9783938484135,,,"Buch","Ja","Ja",,"Außenstelle Brigittenau I"
"Das goldene Kochbuch","Bernhard","Kaiser","Kochbuch",,,,,,"Buch","Ja","Ja",,"Außenstelle Brigittenau I"
"Grundlagen zur Metaphysik der Sitten","Immanuel","Kant","Fachbuch Philosophie",,,9783150045077,,,"Buch","Ja","Ja",,"Außenstelle Brigittenau I"
"Grundzüge der Informationstechnologie","Dimitris","Karagiannis","Fachbuch IT",,,,,,"Buch","Ja","Ja",,"Außenstelle Brigittenau I"
"Takeover","Fritjof","Karnani","Belletristik SciFi",2006,,9783899776638,,,"Buch","Ja","Ja",,"Außenstelle Brigittenau I"
"Das fliegende Klassenzimmer","Erich","Kästner","Belletristik Jugendliteratur",,,,,,"Buch","Ja","Ja",,"Außenstelle Brigittenau I"
"Emil und die Detektive","Erich","Kästner","Belletristik Jugendliteratur",,,,,,"Buch","Ja","Ja",,"Außenstelle Brigittenau I"
"Blue Exorcist 1","Kazue","Kato","Manga",,,9782889210251,,,"Buch","Ja","Ja",,"Außenstelle Brigittenau I"
"Metasploit","David","Kennedy","Fachbuch IT",2011,"No Starch Press",9781593272883,,,"Buch","Ja","Ja",,"Außenstelle Brigittenau I"
"Captain Blitz und seine Freunde","Steffen","Kent","Belletristik Jugendliteratur",,,,,,"Buch","Ja","Ja",,"Außenstelle Brigittenau I"
"Chemikalien und Drogen","Walther","Kern","Fachbuch Naturwissenschaften",,,3540054782,,,"Buch","Ja","Ja",,"Außenstelle Brigittenau I"
"Gregs Tagebuch 6","Jeff","Kinney","Comic",2011,,9783833936371,,,"Buch","Ja","Ja",,"Außenstelle Brigittenau I"
"fortgeblasen und angeschwemmt","Claudia","Kirchberger","Belletristik Geschichte",2012,"BoD – Books on Demand",9783837098297,,,"Buch","Ja","Ja",,"Außenstelle Brigittenau I"
"Der Club der toten Dichter","Nancy","Kleinbaum","Belletristik Jugendliteratur",,,,,,"Buch","Ja","Ja",,"Außenstelle Brigittenau I"
"Ricki, das Rehlein und andere Tiergeschichten","Kurt","Knaak","Belletristik Jugendliteratur",,,3439025713,,,"Buch","Ja","Ja",,"Außenstelle Brigittenau I"
"Foliensammlung Grundlagen der Kostenrechnung","Christine","Knauer","Fachbuch Wirtschaft",,,9789061160106,,,"Buch","Ja","Ja",,"Außenstelle Brigittenau I"
"Du hast mich auf dem Balkon vergessen!","Anna","Koch","Anderes",2010,,9783499626944,,,"Buch","Ja","Ja",,"Außenstelle Brigittenau I"
"Die Nibelungen neu erzählt","Michael","Köhlmeier","Belletristik Geschichte",,,9783492228824,,,"Buch","Ja","Ja",,"Außenstelle Brigittenau I"
"Vor uns die Sintflut","Elizabeth","Kolbert","Belletristik Jugendliteratur",,,9783833305207,,,"Buch","Ja","Ja",,"Außenstelle Brigittenau I"
"Im Spinnennetz","Klaus","Kordon","Belletristik SciFi",,,9783407742605,,,"Buch","Ja","Ja",,"Außenstelle Brigittenau I"
"Einführung in die Physik","Jürgen","Korsch","Fachbuch Naturwissenschaften",,,3923923600,,,"Buch","Ja","Ja",,"Außenstelle Brigittenau I"
"So interessant ist Physik","Walter","Kranzer","Fachbuch Naturwissenschaften",,,3761406533,,,"Buch","Ja","Ja",,"Außenstelle Brigittenau I"
"Elektrotechnik 2","Franz","Krikava","Fachbuch Elektronik",,,,,,"Buch","Ja","Ja",,"Außenstelle Brigittenau I"
"Wir kochen Vegan","Melanie","Kröpfl","Kochbuch",,,9783990051818,,,"Buch","Ja","Ja",,"Außenstelle Brigittenau I"
"Tokyo Summer of the dead 1","Shiichi","Kugura","Manga",,,9783770481101,,,"Buch","Ja","Ja",,"Außenstelle Brigittenau I"
"Das marmorne Paradies","Sergej","Kusnezow","Belletristik Dystopie",,,9783453528611,,,"Buch","Ja","Ja",,"Außenstelle Brigittenau I"
"Skulduggery Pleasant","Derek","Landy","Belletristik Jugendliteratur",,,9783785560020,,,"Buch","Ja","Ja",,"Außenstelle Brigittenau I"
"Sturm","Uwe","Laub","Belletristik Dystopie",2018,,9783453419803,,,"Buch","Ja","Ja",,"Außenstelle Brigittenau I"
"Computergeschichten","Bernd","Leitenberger","Belletristik",,,9783735782106,,,"Buch","Ja","Ja",,"Außenstelle Brigittenau I"
"Zwei in geheimer Mission","Günther","Leopold","Belletristik Jugendliteratur",,,3700411030,,,"Buch","Ja","Ja",,"Außenstelle Brigittenau I"
"Freie Kultur: Wesen und Zukunft der Kreativität","Lawrence","Lessig","Fachbuch Diverse",,,9783937514154,,,"Buch","Ja","Ja",,"Außenstelle Brigittenau I"
"Der Luftraum darf nicht mit dem Fahrrad verletzt werden","Roman","Leuthner","Belletristik",,,,,,"Buch","Ja","Ja",,"Außenstelle Brigittenau I"
"Hackers","Steven","Levy","Belletristik SciFi",,,440134056,,,"Buch","Ja","Ja",,"Außenstelle Brigittenau I"
"Jarcks","Hjördis-Thyra","Lignau","Belletristik Fantasy",,,9783941275409,,,"Buch","Ja","Ja",,"Außenstelle Brigittenau I"
"Die verrückte Flugmaschine","Irmgard","Lindner","Belletristik Jugendliteratur",2004,,9783522176644,,,"Buch","Ja","Ja",,"Außenstelle Brigittenau I"
"DNS & BIND mit IPv6","Cricket","Liu","Fachbuch IT",,,9783868991802,,,"Buch","Ja","Ja",,"Außenstelle Brigittenau I"
"Visonen und Prophezeiungen","Sven","Loerzer","Fachbuch Philosophie",,,3629913660,,,"Buch","Ja","Ja",,"Außenstelle Brigittenau I"
"The Giver","Lois","Lowry","Belletristik Jugendliteratur",,,9780440237686,,,"Buch","Ja","Ja",,"Außenstelle Brigittenau I"
"Eine Woche voller Samstage","Paul","Maar","Belletristik Jugendliteratur",,,9783789119521,,,"Buch","Ja","Ja",,"Außenstelle Brigittenau I"
"LPIC 1","Harald","Maaßen","Fachbuch IT",,,9783836235297,,,"Buch","Ja","Ja",,"Außenstelle Brigittenau I"
"LPIC 2","Harald","Maaßen","Fachbuch IT",,,9783836235297,,,"Buch","Ja","Ja",,"Außenstelle Brigittenau I"
"Maddrax. Reise in die neue Welt.","John","Maddox","Belletristik Fantasy",,,9783404232697,,,"Buch","Ja","Ja",,"Außenstelle Brigittenau I"
"Modellflug","Dieter","Maier","Fachbuch Diverse",,,3485016284,,,"Buch","Ja","Ja",,"Außenstelle Brigittenau I"
"Das Lied von Eis und Feuer I","George R.R.","Martin","Belletristik Fantasy",2010,"eBook-Seller",9783442267743,,,"Buch","Ja","Ja",,"Außenstelle Brigittenau I"
"Das Kapital","Karl","Marx","Fachbuch Wirtschaft",,,9783868202434,,,"Buch","Ja","Ja",,"Außenstelle Brigittenau I"
"Manifest der kommunistischen Partei","Karl","Marx","Fachbuch Geschichte",2014,,9781499398465,,,"Buch","Ja","Ja",,"Außenstelle Brigittenau I"
"Fairy Tail 4","Hiro","Mashima","Manga",,,9783551796141,,,"Buch","Ja","Ja",,"Außenstelle Brigittenau I"
"Access 2.0","Ulrich","Matthey","Fachbuch IT",,,9783815815113,,,"Buch","Ja","Ja",,"Außenstelle Brigittenau I"
"Allah il Allah","Karl","May","Belletristik Western",,,3800040603,,,"Buch","Ja","Ja",,"Außenstelle Brigittenau I"
"Der Derwisch","Karl","May","Belletristik Western",,,3800040612,,,"Buch","Ja","Ja",,"Außenstelle Brigittenau I"
"Der Schatz im Silbersee","Karl","May","Belletristik Western",,,,,,"Buch","Ja","Ja",,"Außenstelle Brigittenau I"
"Der Schut","Karl","May","Belletristik Western",1952,,3780200066,,,"Buch","Ja","Ja",,"Außenstelle Brigittenau I"
"Die Sklavenkarawane","Karl","May","Belletristik Western",,,3800040417,,,"Buch","Ja","Ja",,"Außenstelle Brigittenau I"
"Durch das Land der Skipetaren","Karl","May","Belletristik Western",2003,,3780200058,,,"Buch","Ja","Ja",,"Außenstelle Brigittenau I"
"Durch die Wüste","Karl","May","Belletristik Western",,,,,,"Buch","Ja","Ja",,"Außenstelle Brigittenau I"
"Durch die Wüste","Karl","May","Belletristik Western",1952,,3780200015,,,"Buch","Ja","Ja",,"Außenstelle Brigittenau I"
"Durchs wilde Kurdistan","Karl","May","Belletristik Western",,,3780200023,,,"Buch","Ja","Ja",,"Außenstelle Brigittenau I"
"Old Surehand I","Karl","May","Belletristik Western",,,,,,"Buch","Ja","Ja",,"Außenstelle Brigittenau I"
"Sand des Verderbens","Karl","May","Belletristik Western",,,3800040107,,,"Buch","Ja","Ja",,"Außenstelle Brigittenau I"
"Unter Geiern","Karl","May","Belletristik Western",,,3800040352,,,"Buch","Ja","Ja",,"Außenstelle Brigittenau I"
"Unter Geiern","Karl","May","Belletristik Western",,,,,,"Buch","Ja","Ja",,"Außenstelle Brigittenau I"
"Winnetou I","Karl","May","Belletristik Western",,,3780200074,,,"Buch","Ja","Ja",,"Außenstelle Brigittenau I"
"Pfade des Lichts","Terry","McGarry","Belletristik Fantasy",,,9783453523104,,,"Buch","Ja","Ja",,"Außenstelle Brigittenau I"
"Das Geheimnis der vergessenen Stadt","Cliff","Millard","Belletristik Fantasy",,,9783800053070,,,"Buch","Ja","Ja",,"Außenstelle Brigittenau I"
"Windows NT Server 3.5x","Mark","Minasi","Fachbuch IT",,,9783815501948,,,"Buch","Ja","Ja",,"Außenstelle Brigittenau I"
"Quantum Field Theory","Roland","Mirman","Fachbuch Naturwissenschaften",2005,"iUniverse",9780595336920,,,"Buch","Ja","Ja",,"Außenstelle Brigittenau I"
"Shaolin","Bernhard","Moestl","Fachbuch Religion",2010,,9783426783986,,,"Buch","Ja","Ja",,"Außenstelle Brigittenau I"
"Die Jungen der Paulstraße","Franz","Molnar","Belletristik Jugendliteratur",,,,,,"Buch","Ja","Ja",,"Außenstelle Brigittenau I"
"Leben nach dem Tod","Raymond","Moody","Fachbuch Philosophie",,,,,,"Buch","Ja","Ja",,"Außenstelle Brigittenau I"
"Goldfieber","Georg","Morgenstern","Belletristik SciFi",,,3483006834,,,"Buch","Ja","Ja",,"Außenstelle Brigittenau I"
"Operation Red Jericho","Joshua","Mowll","Belletristik SciFi",,,9783791513607,,,"Buch","Ja","Ja",,"Außenstelle Brigittenau I"
"Operation Taifun","Joshua","Mowll","Belletristik SciFi",2009,,9783791513614,,,"Buch","Ja","Ja",,"Außenstelle Brigittenau I"
"Formen moderner deutscher Lyrik","Hartmut","Müller","Fachbuch Diverse",,,3506728113,,,"Buch","Ja","Ja",,"Außenstelle Brigittenau I"
"Geburtstag in Florenz","Magdalen","Nabb","Belletristik Jugendliteratur",2000,,9783257231649,,,"Buch","Ja","Ja",,"Außenstelle Brigittenau I"
"New World: Die Flucht","Patrick","Ness","Belletristik Fantasy",,,9783473352999,,,"Buch","Ja","Ja",,"Außenstelle Brigittenau I"
"Ich bleib so scheiße wie ich bin","Rebecca","Niazi-Shahabi","Belletristik",,,9783492300568,,,"Buch","Ja","Ja",,"Außenstelle Brigittenau I"
"Antenna Modelling","Steve","Nichols","Fachbuch Funk",,,9781910193006,,,"Buch","Ja","Ja",,"Außenstelle Brigittenau I"
"Das Antwortbuch der Astronomie","Iain","Nicolson","Fachbuch Naturwissenschaften",,,3788603232,,,"Buch","Ja","Ja",,"Außenstelle Brigittenau I"
"Anastasia","Hans","Nogly","Belletristik",,,,,,"Buch","Ja","Ja",,"Außenstelle Brigittenau I"
"Die Rache der Komantschen","Patrick","O'Connor","Belletristik Western",,,"587254327X",,,"Buch","Ja","Ja",,"Außenstelle Brigittenau I"
"Das System","Karl","Olsberg","Belletristik SciFi",,,9783746623672,,,"Buch","Ja","Ja",,"Außenstelle Brigittenau I"
"Wolkenpiraten","Kenneth","Oppel","Belletristik Fantasy",,,9783407740663,,,"Buch","Ja","Ja",,"Außenstelle Brigittenau I"
1984,"George","Orwell","Belletristik Dystopie",1994,,9783548234106,,,"Buch","Ja","Ja",,"Außenstelle Brigittenau I"
"Animal Farm","George","Orwell","Belletristik Dystopie",2008,"Viking",9780141036137,,,"Buch","Ja","Ja",,"Außenstelle Brigittenau I"
"Horizonte","Gerhard","Osterbauer","Anderes",,,,,,"Buch","Ja","Ja",,"Außenstelle Brigittenau I"
"Rübezahl","Maria","Pacolt","Belletristik Märchen",,,,,,"Buch","Ja","Ja",,"Außenstelle Brigittenau I"
"Eragon","Christopher","Paolini","Belletristik Fantasy",2012,,9783570400494,,,"Buch","Ja","Ja",,"Außenstelle Brigittenau I"
"Weniger schlecht programmieren","Kathrin","Passig","Fachbuch IT",2013,"O'Reilly Verlag",9783897215672,,,"Buch","Ja","Ja",,"Außenstelle Brigittenau I"
"Die Wolke","Gudrun","Pausewang","Belletristik Dystopie",,,9783473580149,,,"Buch","Ja","Ja",,"Außenstelle Brigittenau I"
"Nachtbus nach Chicago","Richard","Peck","Belletristik Jugendliteratur",,,,,,"Buch","Ja","Ja",,"Außenstelle Brigittenau I"
"Haushalts Buch","Barty","Phillips","Fachbuch Haushalt",,,,,,"Buch","Ja","Ja",,"Außenstelle Brigittenau I"
"Schwein gehabt!","Christa","Pöppelmann","Fachbuch Diverse",,,9783817466665,,,"Buch","Ja","Ja",,"Außenstelle Brigittenau I"
"Design for Community","Derek","Powazek","Fachbuch IT",,,9780735710757,,,"Buch","Ja","Ja",,"Außenstelle Brigittenau I"
"Erebos","Ursula","Poznanski","Belletristik Fantasy",2010,,9783785569573,,,"Buch","Ja","Ja",,"Außenstelle Brigittenau I"
"Ab die Post","Terry","Pratchett","Belletristik Fantasy",2007,,9783442464227,,,"Buch","Ja","Ja",,"Außenstelle Brigittenau I"
"Alles Sense!","Terry","Pratchett","Belletristik Fantasy",,,9783442421305,,,"Buch","Ja","Ja",,"Außenstelle Brigittenau I"
"Das Licht der Phantasie","Terry","Pratchett","Belletristik Fantasy",2005,,9783492285018,,,"Buch","Ja","Ja",,"Außenstelle Brigittenau I"
"Der fünfte Elefant","Terry","Pratchett","Belletristik Fantasy",,,9783442416585,,,"Buch","Ja","Ja",,"Außenstelle Brigittenau I"
"Die Zeitdiebe","Terry","Pratchett","Belletristik Fantasy",2004,,9783442457397,,,"Buch","Ja","Ja",,"Außenstelle Brigittenau I"
"Einfach zauberhaft","Terry","Pratchett","Belletristik Fantasy",2001,,9783442430505,,,"Buch","Ja","Ja",,"Außenstelle Brigittenau I"
"Eric","Terry","Pratchett","Belletristik Fantasy",,,9783492291774,,,"Buch","Ja","Ja",,"Außenstelle Brigittenau I"
"Gevatter Tod & MacBest","Terry","Pratchett","Belletristik Fantasy",,,9783492269339,,,"Buch","Ja","Ja",,"Außenstelle Brigittenau I"
"Heiße Hüpfer","Terry","Pratchett","Belletristik Fantasy",2004,,9783442442324,,,"Buch","Ja","Ja",,"Außenstelle Brigittenau I"
"Hohle Köpfe","Terry","Pratchett","Belletristik Fantasy",,,9783442453986,,,"Buch","Ja","Ja",,"Außenstelle Brigittenau I"
"Klonk!","Terry","Pratchett","Belletristik Fantasy",2008,,9783442466665,,,"Buch","Ja","Ja",,"Außenstelle Brigittenau I"
"Rollende Steine & Echt zauberhaft","Terry","Pratchett","Belletristik Fantasy",,,9783442134410,,,"Buch","Ja","Ja",,"Außenstelle Brigittenau I"
"Ruhig Blut!","Terry","Pratchett","Belletristik Fantasy",2005,,9783442442331,,,"Buch","Ja","Ja",,"Außenstelle Brigittenau I"
"Steife Prise","Terry","Pratchett","Belletristik Fantasy",,,9783442480876,,,"Buch","Ja","Ja",,"Außenstelle Brigittenau I"
"Total verhext","Terry","Pratchett","Belletristik Fantasy",,,9783442421312,,,"Buch","Ja","Ja",,"Außenstelle Brigittenau I"
"Lords und Ladies; Helle Barden","Terry","Pratchett","Belletristik Fantasy",,,978344213392,,,"Buch","Ja","Ja",,"Außenstelle Brigittenau I"
"Krabat","Ottfried","Preußler","Belletristik Jugendliteratur",,,3215024241,,,"Buch","Ja","Ja",,"Außenstelle Brigittenau I"
"Open Source Projektmanagement","Michael","Prokop","Fachbuch IT",2010,,9783937514604,,,"Buch","Ja","Ja",,"Außenstelle Brigittenau I"
"Der Schatz des Zauberers","Irene","Radford","Belletristik Fantasy",2006,,9783404205530,,,"Buch","Ja","Ja",,"Außenstelle Brigittenau I"
"Mensch und Strahlenwirkung","Ludwig","Rausch","Fachbuch Naturwissenschaften",,,3492027709,,,"Buch","Ja","Ja",,"Außenstelle Brigittenau I"
"Das Hiroshima Tor","Ilka","Remes","Belletristik SciFi",,,9783423210447,,,"Buch","Ja","Ja",,"Außenstelle Brigittenau I"
"Der dunkle Code","Ilkka","Remes","Belletristik SciFi",,,9783423714327,,,"Buch","Ja","Ja",,"Außenstelle Brigittenau I"
"Mission Spyflight","Ilkka","Remes","Belletristik SciFi",,,9783423714969,,,"Buch","Ja","Ja",,"Außenstelle Brigittenau I"
"Der Trotzkopf","Emmy","Rhoden","Belletristik Jugendliteratur",1982,,3800026090,,,"Buch","Ja","Ja",,"Außenstelle Brigittenau I"
"Die Welle","Morton","Rhue","Belletristik Dystopie",,,,,,"Buch","Ja","Ja",,"Außenstelle Brigittenau I"
"Ich knall dich ab!","Morton","Rhue","Belletristik Jugendliteratur",,,9783473581726,,,"Buch","Ja","Ja",,"Außenstelle Brigittenau I"
"Allgemeine und anorganische Chemie","Erwin","Riedel","Fachbuch Naturwissenschaften",2010,"Walter de Gruyter",9783110227819,,,"Buch","Ja","Ja",,"Außenstelle Brigittenau I"
"OpenVPN kurz & gut","Sven","Riedel","Fachbuch IT",2007,,9783897215290,,,"Buch","Ja","Ja",,"Außenstelle Brigittenau I"
"ACM 1","Christian","Riegler","Fachbuch Wirtschaft",,,9789190008218,,,"Buch","Ja","Ja",,"Außenstelle Brigittenau I"
"Satellitenanlagen installieren","Thomas","Riegler","Fachbuch Elektronik",2007,"Franzis Verlag",9783772345999,,,"Buch","Ja","Ja",,"Außenstelle Brigittenau I"
"Feuchtgebiete","Charlotte","Roche","Belletristik",2008,,9783832180577,,,"Buch","Ja","Ja",,"Außenstelle Brigittenau I"
"Countdown X: Alarm im Weltall 1","Roland","Rosenbauer","Belletristik SciFi",,,9783932234057,,,"Buch","Ja","Ja",,"Außenstelle Brigittenau I"
"Countdown X: Alarm im Weltall 2","Roland","Rosenbauer","Belletristik SciFi",,,9783932234064,,,"Buch","Ja","Ja",,"Außenstelle Brigittenau I"
"Kommunikationselektronik: Grundbildung","Heinrich","Rötter","Fachbuch Elektronik",,,,,,"Buch","Ja","Ja",,"Außenstelle Brigittenau I"
"citrus 1","Sabu","Routa","Manga",2015,,9783842011854,,,"Buch","Ja","Ja",,"Außenstelle Brigittenau I"
"Arthur und der Botschafter der Schatten","Gerd","Ruebenstrunk","Belletristik Fantasy",2010,,9783760751900,,,"Buch","Ja","Ja",,"Außenstelle Brigittenau I"
"Arthur und die vergessenen Bücher","Gerd","Ruebenstrunk","Belletristik Fantasy",2009,,9783760736280,,,"Buch","Ja","Ja",,"Außenstelle Brigittenau I"
"Darke","Angie","Sage","Belletristik Fantasy",2011,,9783446237933,,,"Buch","Ja","Ja",,"Außenstelle Brigittenau I"
"Flyte","Angie","Sage","Belletristik Fantasy",2009,"Harper Collins",9780060577360,,,"Buch","Ja","Ja",,"Außenstelle Brigittenau I"
"Magyk","Angie","Sage","Belletristik Fantasy",,,9783423623278,,,"Buch","Ja","Ja",,"Außenstelle Brigittenau I"
"Physic","Angie","Sage","Belletristik Fantasy",2007,,9783446208995,,,"Buch","Ja","Ja",,"Außenstelle Brigittenau I"
"Queste","Angie","Sage","Belletristik Fantasy",,,9783423624718,,,"Buch","Ja","Ja",,"Außenstelle Brigittenau I"
"Grundzüge des betrieblichen Rechnungswesens","Michaela","Schaffhauser","Fachbuch Wirtschaft",,,9789060681008,,,"Buch","Ja","Ja",,"Außenstelle Brigittenau I"
"Klausurensammlung Grundlagen der Buchhaltung","Michaela","Schaffhauser","Fachbuch Wirtschaft",,,9789061170105,,,"Buch","Ja","Ja",,"Außenstelle Brigittenau I"
"Rechnungswesen","Michaela","Schaffhauser","Fachbuch Wirtschaft",,,9789061130109,,,"Buch","Ja","Ja",,"Außenstelle Brigittenau I"
"Der Schwarm","Frank","Schätzing","Belletristik SciFi",2004,"Köln : Kiepenheuer & Witsch",3462033743,,,"Buch","Ja","Ja",,"Außenstelle Brigittenau I"
"Limit","Frank","Schätzing","Belletristik SciFi",2010,,9783868005653,,,"Buch","Ja","Ja",,"Außenstelle Brigittenau I"
"Mehr Arbeitsplätze durch ökologisches Wirtschaften?","Janina","Scheelhaase","Fachbuch Wirtschaft",,,,,,"Buch","Ja","Ja",,"Außenstelle Brigittenau I"
"Des Teufels Maskerade","Victoria","Schlederer","Belletristik",2009,,9783453526556,,,"Buch","Ja","Ja",,"Außenstelle Brigittenau I"
"Der Vorleser","Bernhard","Schlink","Belletristik Jugendliteratur",1997,"Distribooks Incorporated",9783257229530,,,"Buch","Ja","Ja",,"Außenstelle Brigittenau I"
"Online für Medienmachende","Alexander","Schmitz","Fachbuch IT",2010,"BoD – Books on Demand",9783842313255,,,"Buch","Ja","Ja",,"Außenstelle Brigittenau I"
"Erfolgstips für den Schriftverkehr","Ulrich","Schoenwald","Fachbuch Wirtschaft",1994,,3806806780,,,"Buch","Ja","Ja",,"Außenstelle Brigittenau I"
"Wenn Männer ihre Tage haben","Klaus","Schreiner","Belletristik",,,3596282918,,,"Buch","Ja","Ja",,"Außenstelle Brigittenau I"
"Abenteuer am Strom","Günther","Schwab","Belletristik Jugendliteratur",,,,,,"Buch","Ja","Ja",,"Außenstelle Brigittenau I"
"Justin Time: Das Portal","Peter","Schwindt","Belletristik SciFi",,,3785553536,,,"Buch","Ja","Ja",,"Außenstelle Brigittenau I"
"Justin Time: Der Fall Montauk","Peter","Schwindt","Belletristik SciFi",,,9783499213946,,,"Buch","Ja","Ja",,"Außenstelle Brigittenau I"
"Justin Time: Mission London","Peter","Schwindt","Belletristik SciFi",,,9783785557171,,,"Buch","Ja","Ja",,"Außenstelle Brigittenau I"
"Justin Time: Verrat in Florenz","Peter","Schwindt","Belletristik SciFi",,,9783785555538,,,"Buch","Ja","Ja",,"Außenstelle Brigittenau I"
"Ivanhoe","Walter","Scott","Belletristik Erzählung",,,,,,"Buch","Ja","Ja",,"Außenstelle Brigittenau I"
"Ivanhoe","Walter","Scott","Belletristik Erzählung",,,9783899961522,,,"Buch","Ja","Ja",,"Außenstelle Brigittenau I"
"Old Shatterhand vor Gericht","Jürgen","Seul","Belletristik Western",2009,,9783780201867,,,"Buch","Ja","Ja",,"Außenstelle Brigittenau I"
"Gott schütze die Liebenden","Johannes","Simmel","Belletristik",,,,,,"Buch","Ja","Ja",,"Außenstelle Brigittenau I"
"PHP 5 Kochbuch","David","Sklar","Fachbuch IT",2005,,9783897214095,,,"Buch","Ja","Ja",,"Außenstelle Brigittenau I"
"Die Sperrmüllpiraten","Franz","Sklentitzka","Belletristik Jugendliteratur",1996,,9783851910490,,,"Buch","Ja","Ja",,"Außenstelle Brigittenau I"
"Jenkins","John","Smart","Fachbuch IT",2011,"O'Reilly Media, Inc.",9781449305352,,,"Buch","Ja","Ja",,"Außenstelle Brigittenau I"
"Die Lehren Sri Caitanyas","Sri","Srimad","Fachbuch Religion",,,9789171495013,,,"Buch","Ja","Ja",,"Außenstelle Brigittenau I"
"Literaturräume","Johann","Stangel","Fachbuch Diverse",2007,,9783209054852,,,"Buch","Ja","Ja",,"Außenstelle Brigittenau I"
"ACM 1 - externe Unternehmungsrechnung","Christine","Steiger","Fachbuch Wirtschaft",,,9789190008225,,,"Buch","Ja","Ja",,"Außenstelle Brigittenau I"
"König Artus","John","Steinbeck","Belletristik Erzählung",1992,,9783423114905,,,"Buch","Ja","Ja",,"Außenstelle Brigittenau I"
"6 Österreicher unter den ersten 5","Dirk","Stermann","Belletristik",2010,,9783550088353,,,"Buch","Ja","Ja",,"Außenstelle Brigittenau I"
"Die Schatzinsel","Robert","Stevenson","Belletristik Jugendliteratur",,,,,,"Buch","Ja","Ja",,"Außenstelle Brigittenau I"
"Sleepy Simon","Frank","Stieper","Belletristik",2003,,9783401028675,,,"Buch","Ja","Ja",,"Außenstelle Brigittenau I"
"Chinesische Volksmärchen","Dana","Stovckova","Belletristik Märchen",,,3768457176,,,"Buch","Ja","Ja",,"Außenstelle Brigittenau I"
"Fünf Löffel Elixier","Arkadi","Strugazki","Romansammlung",,,3814700449,,,"Buch","Ja","Ja",,"Außenstelle Brigittenau I"
"Das Leicht-Lauf Programm","Ulrich","Strunz","Fachbuch Diverse",,,,,,"Buch","Ja","Ja",,"Außenstelle Brigittenau I"
"Kill Decision","Daniel","Suarez","Belletristik SciFi",2013,,9783499259180,,,"Buch","Ja","Ja",,"Außenstelle Brigittenau I"
"Der Kontrabaß","Patrick","Süskind","Belletristik Jugendliteratur",,,9783257230000,,,"Buch","Ja","Ja",,"Außenstelle Brigittenau I"
"Seven deadly sins","Nakaba","Suzuki","Manga",,,9783551734716,,,"Buch","Ja","Ja",,"Außenstelle Brigittenau I"
"Götter, Orakel und Visionen","Robert","Temple","Fachbuch Religion",,,3524690432,,,"Buch","Ja","Ja",,"Außenstelle Brigittenau I"
"Am See der Krokodile","Edmund","Theil","Belletristik Fantasy",,,"321700874X",,,"Buch","Ja","Ja",,"Außenstelle Brigittenau I"
"Die Sänften des Todes","Edmund","Theil","Belletristik Fantasy",,,3217008774,,,"Buch","Ja","Ja",,"Außenstelle Brigittenau I"
"Einstieg in Visual C# 2010","Thomas","Theis","Fachbuch IT",2010,,9783836216111,,,"Buch","Ja","Ja",,"Außenstelle Brigittenau I"
"Mathematik für die BRP Teil 1","Friedrich","Tinhof","Fachbuch Naturwissenschaften",,,9783990335154,,,"Buch","Ja","Ja",,"Außenstelle Brigittenau I"
"Mathematik für die BRP Teil 2","Friedrich","Tinhof","Fachbuch Naturwissenschaften",,,9783990338384,,,"Buch","Ja","Ja",,"Außenstelle Brigittenau I"
"Mathematik für die BRP Teil 3","Friedrich","Tinhof","Fachbuch Naturwissenschaften",,,9783990621387,,,"Buch","Ja","Ja",,"Außenstelle Brigittenau I"
"Der Herr der Ringe","John","Tolkien","Belletristik Fantasy",,,9783608938289,,,"Buch","Ja","Ja",,"Außenstelle Brigittenau I"
"Die Tante Jolesch","Friedrich","Torberg","Belletristik",,,3423012668,,,"Buch","Ja","Ja",,"Außenstelle Brigittenau I"
"Die Kunst des Krieges","Sun","Tsu","Fachbuch Geschichte",,,9783937872872,,,"Buch","Ja","Ja",,"Außenstelle Brigittenau I"
"Pulling Strings with Puppet","James","Turnbull","Fachbuch IT",2008,"Apress",9781590599785,,,"Buch","Ja","Ja",,"Außenstelle Brigittenau I"
"Tom Sawyer","Mark","Twain","Belletristik Jugendliteratur",,,,,,"Buch","Ja","Ja",,"Außenstelle Brigittenau I"
"Märchen aus Österreich","Ulrike","Ulrich","Belletristik Märchen",,,9783700442301,,,"Buch","Ja","Ja",,"Außenstelle Brigittenau I"
"Darstellende Geometrie Arbeitsblätter","Klaus","Ulshöfer","Fachbuch Naturwissenschaften",,,9783766160928,,,"Buch","Ja","Ja",,"Außenstelle Brigittenau I"
"Wert über Gebühr","Klaus","Unterberger","Fachbuch Diverse",,,,,,"Buch","Ja","Ja",,"Außenstelle Brigittenau I"
"Log out!","Oliver","Uschmann","Belletristik SciFi",2012,,9783839001295,,,"Buch","Ja","Ja",,"Außenstelle Brigittenau I"
"In 80 Tagen um die Welt","Jules","Verne","Belletristik Fantasy",,,3811225146,,,"Buch","Ja","Ja",,"Außenstelle Brigittenau I"
"Reise zum Mittelpunkt der Erde","Jules","Verne","Belletristik Fantasy",,,,,,"Buch","Ja","Ja",,"Außenstelle Brigittenau I"
"Zwanzigtausend Meilen unter dem Meer I","Jules","Verne","Belletristik Fantasy",,,9783257202441,,,"Buch","Ja","Ja",,"Außenstelle Brigittenau I"
"Zwanzigtausend Meilen unter dem Meer II","Jules","Verne","Belletristik Fantasy",,,9783257202458,,,"Buch","Ja","Ja",,"Außenstelle Brigittenau I"
"Völkerrecht","Wolfgang","Vitzthum","Fachbuch Recht",,,3110171376,,,"Buch","Ja","Ja",,"Außenstelle Brigittenau I"
"Der Drachenreiter","William","Voltz","Belletristik Fantasy",,,4026411103099,,,"Buch","Ja","Ja",,"Außenstelle Brigittenau I"
"Der Schlangengott","William","Voltz","Belletristik Fantasy",,,4026411103136,,,"Buch","Ja","Ja",,"Außenstelle Brigittenau I"
"Der Schrein des schlafenden Gottes","William","Voltz","Belletristik Fantasy",,,4026411103082,,,"Buch","Ja","Ja",,"Außenstelle Brigittenau I"
"Die Blutburg","William","Voltz","Belletristik Fantasy",,,4026411103655,,,"Buch","Ja","Ja",,"Außenstelle Brigittenau I"
"Herr der Kristalle","William","Voltz","Belletristik Fantasy",,,4026411103297,,,"Buch","Ja","Ja",,"Außenstelle Brigittenau I"
"Himmlisches Feuer","Hadmar","von Wieser","Belletristik Fantasy",2004,,9783492265423,,,"Buch","Ja","Ja",,"Außenstelle Brigittenau I"
"Grundwissen für Kommunikationselektroniker","Rolf","Wahl","Fachbuch IT",,,3341009817,,,"Buch","Ja","Ja",,"Außenstelle Brigittenau I"
"Stadt der verlorenen Seelen","Hugh","Walker","Belletristik Fantasy",,,4026411103105,,,"Buch","Ja","Ja",,"Außenstelle Brigittenau I"
"Schrecklich amüsant","David","Wallace","Belletristik",2006,,9783442542291,,,"Buch","Ja","Ja",,"Außenstelle Brigittenau I"
"Numbers","Rachel","Ward","Belletristik Dystopie",,,9783551520074,,,"Buch","Ja","Ja",,"Außenstelle Brigittenau I"
"Ende gut, gar nichts gut","Renate","Welsh","Belletristik",,,3702655131,,,"Buch","Ja","Ja",,"Außenstelle Brigittenau I"
"Selbst denken: Eine Anleitung zum Widerstand","Harald","Welzer","Belletristik",,,9783100894359,,,"Buch","Ja","Ja",,"Außenstelle Brigittenau I"
"Der rote Mandarin","Christopher","West","Belletristik Märchen",,,9783746619767,,,"Buch","Ja","Ja",,"Außenstelle Brigittenau I"
"Yii 1.1","Jeffrey","Winesett","Fachbuch IT",2010,"Packt Pub Limited",9781847199584,,,"Buch","Ja","Ja",,"Außenstelle Brigittenau I"
"Nachtläufer","Reinhold","Ziegler","Belletristik Dystopie",,,9783800054237,,,"Buch","Ja","Ja",,"Außenstelle Brigittenau I"
"Praktischer Aufbau und Prüfung von Antennenanlagen","Herbert","Zwaraber","Fachbuch Funk",,,3778521667,,,"Buch","Ja","Ja",,"Außenstelle Brigittenau I"
"Megellan, Der Mann und seine Tat","Stefan","Zweig","Belletristik",1983,,9783596253562,,,"Buch","Ja","Ja",,"Außenstelle Brigittenau I"
"45 Jahre ifoer",,,"Fachbuch Diverse",,,9783854373209,,,"Buch","Ja","Ja",,"Außenstelle Brigittenau I"
"ACM 2 - externe Unternehmensrechnung",,,"Fachbuch Wirtschaft",,,90068409,,,"Buch","Ja","Ja",,"Außenstelle Brigittenau I"
"ACM 2 - interne Unternehmensrechnung",,,"Fachbuch Wirtschaft",,,90068331,,,"Buch","Ja","Ja",,"Außenstelle Brigittenau I"
"Beispielsammlung Wirtschaftsmathematik",,,"Fachbuch Wirtschaft",,,9789060980101,,,"Buch","Ja","Ja",,"Außenstelle Brigittenau I"
"Der Koran",,,"Fachbuch Religion",,,9783406433092,,,"Buch","Ja","Ja",,"Außenstelle Brigittenau I"
"Die Bibel",,,"Fachbuch Religion",,,9783853960752,,,"Buch","Ja","Ja",,"Außenstelle Brigittenau I"
"Die Datenschleuder 102",,,"Fachbuch IT",,,,9301054,,"Zeitschrift","Ja","Ja",,"Außenstelle Brigittenau I"
"Die Datenschleuder 100",,,"Fachbuch IT",,,,9301054,,"Zeitschrift","Ja","Ja",,"Außenstelle Brigittenau I"
"Die Datenschleuder 101",,,"Fachbuch IT",,,,9301054,,"Zeitschrift","Ja","Ja",,"Außenstelle Brigittenau I"
"Die Datenschleuder 98",,,"Fachbuch IT",,,,9301054,,"Zeitschrift","Ja","Ja",,"Außenstelle Brigittenau I"
"Die Datenschleuder 99",,,"Fachbuch IT",,,,9301054,,"Zeitschrift","Ja","Ja",,"Außenstelle Brigittenau I"
"Die Kraftfahrprüfung",,,"Fachbuch Diverse",,,3701190011,,,"Buch","Ja","Ja",,"Außenstelle Brigittenau I"
"Diercke Weltatlas",,,"Fachbuch Diverse",,,9783703489006,,,"Buch","Ja","Ja",,"Außenstelle Brigittenau I"
"Donald Duck 102",,,"Comic",,,,,,"Buch","Ja","Ja",,"Außenstelle Brigittenau I"
"Duden Sinn- und Sachverwandte Wörter",,,"Fachbuch Diverse",1986,,3411209089,,,"Buch","Ja","Ja",,"Außenstelle Brigittenau I"
"Excel 4.0",,,"Fachbuch IT",,,,,,"Buch","Ja","Ja",,"Außenstelle Brigittenau I"
"Formeln kompakt",,,"Fachbuch Diverse",,,9783854929819,,,"Buch","Ja","Ja",,"Außenstelle Brigittenau I"
"Formeln, Gesetze und Fachbegriffe der Chemie",,,"Fachbuch Naturwissenschaften",,,9783817477241,,,"Buch","Ja","Ja",,"Außenstelle Brigittenau I"
"Fremdwörterbuch",,,"Fachbuch Diverse",,,3411209151,,,"Buch","Ja","Ja",,"Außenstelle Brigittenau I"
"Internet: Nichts leichter als das!",,,"Fachbuch IT",,,9783931908423,,,"Buch","Ja","Ja",,"Außenstelle Brigittenau I"
"Lustiges Taschenbuch 366",,,"Comic",,,4195525904202,,,"Buch","Ja","Ja",,"Außenstelle Brigittenau I"
"Lustiges Taschenbuch 418",,,"Comic",,,4191624104994,,,"Buch","Ja","Ja",,"Außenstelle Brigittenau I"
"Lustiges Taschenbuch 424",,,"Comic",,,4192312205504,,,"Buch","Ja","Ja",,"Außenstelle Brigittenau I"
"Lustiges Taschenbuch 425",,,"Comic",,,4192312205504,,,"Buch","Ja","Ja",,"Außenstelle Brigittenau I"
"Lustiges Taschenbuch 426",,,"Comic",,,4192312205504,,,"Buch","Ja","Ja",,"Außenstelle Brigittenau I"
"Lustiges Taschenbuch: Fantasy",,,"Comic",,,4198185608992,,,"Buch","Ja","Ja",,"Außenstelle Brigittenau I"
"Mama, warum habe ich keine Banane?",,,"Comic",,,3551714029,,,"Buch","Ja","Ja",,"Außenstelle Brigittenau I"
"MS-DOS 6.2",,,"Fachbuch IT",,,,,,"Buch","Ja","Ja",,"Außenstelle Brigittenau I"
"Österreichisches Wörterbuch",,,"Fachbuch Diverse",2007,,9783209050687,,,"Buch","Ja","Ja",,"Außenstelle Brigittenau I"
"Readers Digest: Auswahlbücher",,,"Romansammlung",,,3870701595,,,"Buch","Ja","Ja",,"Außenstelle Brigittenau I"
"Readers Digest: Auswahlbücher",,,"Romansammlung",,,"387070229X",,,"Buch","Ja","Ja",,"Außenstelle Brigittenau I"
"Readers Digest: Auswahlbücher",,,"Romansammlung",,,3870701404,,,"Buch","Ja","Ja",,"Außenstelle Brigittenau I"
"Schülerduden Astronomie",,,"Fachbuch Diverse",,,3411022205,,,"Buch","Ja","Ja",,"Außenstelle Brigittenau I"
"Schülerduden Musik",,,"Fachbuch Diverse",,,3411022418,,,"Buch","Ja","Ja",,"Außenstelle Brigittenau I"
"Schülerduden Physik",,,"Fachbuch Diverse",1980,"Birkhäuser","341101122X",,,"Buch","Ja","Ja",,"Außenstelle Brigittenau I"
"Schülerduden Psychologie",,,"Fachbuch Diverse",1980,"Birkhäuser",3411017953,,,"Buch","Ja","Ja",,"Außenstelle Brigittenau I"
"Tipps für umweltfreundliches Handwerken",,,"Fachbuch Haushalt",,,9783990910115,,,"Buch","Ja","Ja",,"Außenstelle Brigittenau I"
"Vorrang - Verkehrsbeobachtung",,,"Fachbuch Diverse",,,"370119002X",,,"Buch","Ja","Ja",,"Außenstelle Brigittenau I"
"Windows 98 Trickkasten",,,"Fachbuch IT",,,9783328411390,,,"Buch","Ja","Ja",,"Außenstelle Brigittenau I"
"Windows for Workgroups",,,"Fachbuch IT",,,,,,"Buch","Ja","Ja",,"Außenstelle Brigittenau I"
"Kodex Verkehrsrecht 2019/2020","Werner","Doralt","Fachbuch Recht",2019,"LexisNexis Verlag ARD Orac GmbH & Co KG",9783700773078,,,"Buch","Ja","Ja",,"Außenstelle Brigittenau I"
"Kodex Verfassungsrecht der Europäischen Union 2019","Werner","Doralt","Fachbuch Recht",,"LexisNexis Verlag ARD Orac GmbH & Co KG",9783700772125,,,"Buch","Ja","Ja",,"Außenstelle Brigittenau I"
"Kodex Verfassungsrecht 2019","Werner","Doralt","Fachbuch Recht",,"LexisNexis Verlag ARD Orac GmbH & Co KG",9783700773054,,,"Buch","Ja","Ja",,"Außenstelle Brigittenau I"
"Kodex Krankenanstaltengesetze 2018","Werner","Doralt","Fachbuch Recht",,"LexisNexis Verlag ARD Orac GmbH & Co KG",9783700765875,,,"Buch","Ja","Ja",,"Außenstelle Brigittenau I"
"Behinderteneinstellungsgesetz","Günther","Widy","Fachbuch Recht",,,9783990461310,,,"Buch","Ja","Ja",,"Außenstelle Brigittenau I"
"Einführung in das Völkerrecht","Otto","Kimminich","Fachbuch Recht",,,3825204693,,,"Buch","Ja","Ja",,"Außenstelle Brigittenau I"
"BauO Wien","Reinhold","Moritz","Fachbuch Recht",,,9783214030995,,,"Buch","Ja","Ja",,"Außenstelle Brigittenau I"
"Kodex Datenschutz 2019","Werner","Doralt","Fachbuch Recht",2019,,9783707340846,,,"Buch","Ja","Ja",,"Außenstelle Brigittenau I"
"Statistik für Soziologen","Rainer","Diaz-Bone","Fachbuch Naturwissenschaften",2013,"UTB",9783825240349,,,"Buch","Ja","Ja",,"Außenstelle Brigittenau I"
"Abkürzungs- und Zitierregeln der österreichischen Rechtssprache","Gerhard","Friedl","Fachbuch Recht",1994,,3214061577,,,"Buch","Ja","Ja",,"Außenstelle Brigittenau I"
"Abkürzungs- und Zitierregeln der österreichischen Rechtssprache und europarechtlicher Rechtsquellen","Gabriele","Friedl","Fachbuch Recht",,,3214062050,,,"Buch","Ja","Ja",,"Außenstelle Brigittenau I"
"Datenschutz im Rechtsvergleich","Konrad","Lachmayer","Fachbuch Recht",2019,,9783708918594,,,"Buch","Ja","Ja",,"Außenstelle Brigittenau I"
"Computernetzwerke","Harald","Zisler","Fachbuch IT",2014,,9783836234795,,,"Buch","Ja","Ja",,"Außenstelle Brigittenau I"
"Arbeits- und Organisationspsychologie","Siegfried","Greif","Fachbuch Naturwissenschaften",,,3621272747,,,"Buch","Ja","Ja",,"Außenstelle Brigittenau I"
"Hacker’s Black Book","Walter","Völl","Fachbuch IT",,"Verlag für Spezialreporte",,,,"Buch","Ja",,,"Hauptstelle Metalab"
"Das Zentralorgan der Lord Jim Loge","Günther","Friesinger","Fachbuch Geschichte",2007,"monochrom",3950073191,,,"Buch","Ja",,,"Hauptstelle Metalab"
"Pocket Guide - TTL Halbleiter-Speicher - Mikroprozessoren - TIC-Mos - Industrie-Linear - Intergierte Interface-Schaltungen",,,"Fachbuch Elektronik",1977,"Fachbuchverlag Karl Wichmann",3880780064,,,"Buch","Ja",,,"Hauptstelle Metalab"
"TTL Taschenbuch",,,"Fachbuch Elektronik",1987,"IWT-Verlag GmbH",3883221910,,,"Buch","Ja",,,"Hauptstelle Metalab"
"Die Sache mit den Genen","Mark","Schultz","Comic",2010,"Verlagsgruppe Random House",9783442156245,,,"Buch","Ja",,,"Hauptstelle Metalab"
"The Bell Jar","Sylvia","Platz","Belletristik",1966,"Faber & Faber",9780571081783,,,"Buch","Ja",,,"Hauptstelle Metalab"
"MOS-Leistungstransistortechnik","Hermann","Schreiber","Fachbuch Elektronik",1983,"Franzis Verlag",3772318614,,,"Buch","Ja",,,"Hauptstelle Metalab"
"Vermessungskunde 1","Kurt","Matthews","Fachbuch Diverse",1980,"B.G. Teubner","351935213X",,,"Buch","Ja",,,"Hauptstelle Metalab"
"Programmieren in Modula-2","Nikolaus","Wirth","Fachbuch IT",1985,"Springer Verlag",3540133011,,,"Buch","Ja",,,"Hauptstelle Metalab"
"Programmieren in Modula-2","Dal","Cin","Fachbuch IT",1988,"B.G. Teubner",3519201003,,,"Buch","Ja",,,"Hauptstelle Metalab"
"Stadt und Wirtschaftsverkehr","Rudolf","Aeschbacher","Fachbuch Diverse",1992,"Magistrat der Stadt Wien",3860160095,,,"Buch","Ja",,,"Hauptstelle Metalab"
"Xen","Henning","Sprang","Fachbuch IT",2007,"Open Source Press",9783937514291,,,"Buch","Ja",,,"Hauptstelle Metalab"
"Elektrodynamische Starkstrommaschinen","Alfred","Grabner","Fachbuch Elektronik",1944,"S. Hirzel",,,,"Buch","Nein",,,"Hauptstelle Metalab"
"Open Design Now","Bas","van Abel","Fachbuch Diverse",2011,"Bis Pub",9789063692599,,,"Buch","Ja",,,"Hauptstelle Metalab"
"Staatsfeind Tierschützer","Martin","Balluch","Fachbuch Recht",2011,"Promedia Verlag",9783853713310,,,"Buch","Ja",,,"Hauptstelle Metalab"
"Antennen","Eberhard","Spindler","Fachbuch Funk",1968,"VEB Verlag Technik Berlin",,,,"Buch","Ja",,,"Hauptstelle Metalab"
"Cruelty","Kathleen","Taylor","Fachbuch Psychologie",2009,"Oxford University Press, USA",9780199552627,,,"Buch","Ja",,,"Hauptstelle Metalab"
"Debunking 9/11 Myths","David","Dunbar","Fachbuch Geschichte",2006,"Sterling Publishing Company, Inc.",9781588166357,,,"Buch","Ja",,,"Hauptstelle Metalab"
"Stadtplan Wien für RadfahrerInnen","Schubert","Franzke","Fachbuch Diverse",2006,"Schubert & Franzke",3705609165,,,"Buch","Ja",,,"Hauptstelle Metalab"
"More Exceptional C++","Herb","Sutter","Fachbuch IT",2002,"Addison-Wesley Professional",9780201704341,,,"Buch","Ja",,,"Hauptstelle Metalab"
"Cannabis: Informationsbroschüre für junge Menschen","Artur","Schroers","Fachbuch Diverse",2012,"Institut für Suchtpräventation der Stadt Wien",,,,"Buch","Ja",,,"Hauptstelle Metalab"
"Kürbis, Kohl und Rote Bete","Dörte","Junge-Moldaenke","Fachbuch Diverse",2014,"Cobra Verlag",9783937580739,,,"Buch","Ja",,,"Hauptstelle Metalab"
"Google Script","James","Ferreira","Fachbuch IT",2012,"O'Reilly Media, Inc.",9781449318529,,,"Buch","Ja",,,"Hauptstelle Metalab"
"Accelerated GWT","Vipul","Gupta","Fachbuch IT",2008,"Apress",9781590599754,,,"Buch","Ja",,,"Hauptstelle Metalab"
"Magento","William","Rice","Fachbuch IT",2009,"Packt Pub Limited",9781847195944,,,"Buch","Ja",,,"Hauptstelle Metalab"
"CrossVC","Tilo","Riemer","Fachbuch IT",2006,"Open Source Press",9783937514130,,,"Buch","Ja",,,"Hauptstelle Metalab"
"Google Web Toolkit","Bram","Smeets","Fachbuch IT",2008,"Springer",9781430210313,,,"Buch","Ja",,,"Hauptstelle Metalab"
"Introducing Character Animation with Blender","Tony","Mullen","Fachbuch IT",2007,"Wiley Publishing, Inc.",9780470102602,,,"Buch","Ja",,,"Hauptstelle Metalab"
"Elektronik 2: Bauelemente","Klaus","Beuth","Fachbuch Elektronik",1984,"Vogel",3802305299,,,"Buch","Ja",,,"Hauptstelle Metalab"
"LSD","Peter","Stafford","Fachbuch Naturwissenschaften",1980,"Raymond Martin Verlag",3886312003,,,"Buch","Ja",,,"Hauptstelle Metalab"
"Hanf als Heilmittel","Christian","Rätsch","Fachbuch Naturwissenschaften",1992,"Nachtschatten Verlag",3925817549,,,"Buch","Ja",,,"Hauptstelle Metalab"
"Aliens",,,"Fachbuch Naturwissenschaften",2010,"Bibliothek der Provinz",9783900000813,,,"Buch","Ja",,,"Hauptstelle Metalab"
"Kompaktwissen Physik & Chemie","Neil","Ardley","Fachbuch Naturwissenschaften",2003,"Dorling Kindersley Verlag",9783831090273,,,"Buch","Ja",,,"Hauptstelle Metalab"
"Better English","Walter","Kacowsky","Fachbuch Diverse",1993,"Salzburger Jugend-Verlag",3702107398,,,"Buch","Ja",,,"Hauptstelle Metalab"
"Visual Basic 5","Michael","Kirstein","Fachbuch IT",1997,"DATA BECKER",9783815815687,,,"Buch","Ja",,,"Hauptstelle Metalab"
"Pascal","Rudolf","Herschel","Fachbuch IT",1985,"R. Oldenbourg Verlag",3486236857,,,"Buch","Ja",,,"Hauptstelle Metalab"
"Game Design","Marc","Saltzmann","Fachbuch IT",2000,"Pearson Deutschland GmbH","382729097X",,,"Buch","Ja",,,"Hauptstelle Metalab"
"Mission: Mars","Dirk","Lorenzen","Fachbuch Naturwissenschaften",2004,"Frankh-Kosmos Verlags-Gmbh & Co.",9783440098400,,,"Buch","Ja",,,"Hauptstelle Metalab"
"Handbuch des Schaffens",,,"Fachbuch Diverse",,"Hornbach Baumarkt GmbH",,,,"Buch","Ja",,,"Hauptstelle Metalab"
"Sculpture Today","Judith","Collins","Fachbuch Diverse",2007,"Phaidon Press",9780714843148,,,"Buch","Ja",,,"Hauptstelle Metalab"
"Die Hackerbibel","Werner","Pieber","Fachbuch IT",1988,"Grüne Kraft – Medienexperimente",3925817247,,,"Buch","Ja",,,"Hauptstelle Metalab"
"SS-5212 Oscilloscope Instruction Manual",,,"Fachbuch Elektronik",1979,"Iwatsu Electric Co., LTD",,,,"Buch","Ja",,,"Hauptstelle Metalab"
"Offworld","Leigh","Alexander","Fachbuch IT",2016,"19 Castles LLC",9781936561391,,,"Buch","Ja",,,"Hauptstelle Metalab"
"Mucha","Arthur","Ellridge","Fachbuch Diverse",2001,"KOMET",3898361942,,,"Buch","Ja",,,"Hauptstelle Metalab"
"Das LEGO Buch","Daniel","Lipkowitz","Fachbuch Diverse",2010,"DK Verlag Dorling Kindersley",9783831016655,,,"Buch","Ja",,,"Hauptstelle Metalab"
"Repository Management with Nexus","Tim","O’Brien","Fachbuch IT",2010,"Sonatype, Inc.",5800047794925,,,"Buch","Ja",,,"Hauptstelle Metalab"
"ELV Sammelband",,,"Fachbuch Elektronik",1980,,,,,"Buch","Ja",,,"Hauptstelle Metalab"
"Drehwerkzeuge",,,"Fachbuch Diverse",1986,,,,,"Buch","Ja",,,"Hauptstelle Metalab"
"Con gusto A1 Lehr- und Arbeitsbuch","Eva","Ivorra","Fachbuch Diverse",2009,"Ernst Klett Sprachen",9783125149809,,,"Buch","Ja",,,"Hauptstelle Metalab"
"Die schönsten Handarbeiten","Ria","Rottenmoser","Fachbuch Diverse",1984,"Naturalis",3887030052,,,"Buch","Ja",,,"Hauptstelle Metalab"
"Angewandte Datentechnik","Alfred","Beringer","Fachbuch Elektronik",2005,"Eigenverlag AV Mag. S. Stappler",,,,"Buch","Ja",,,"Hauptstelle Metalab"
"Der Online-Zoo","Daniela","Drobna","Fachbuch IT",2016,"ISPA",9783950424300,,,"Buch","Ja",,,"Hauptstelle Metalab"
"iOS Bootcamp","Scott","Ritschie","Fachbuch IT",2010,"Big Nerd Ranch, Inc.",,,,"Buch","Ja",,,"Hauptstelle Metalab"
"The Bob’S Burgers Book","Lorenz","Bouchard","Kochbuch",2016,"Rizzoli Publications",9780789331144,,,"Buch","Ja",,,"Hauptstelle Metalab"
"Beginning Google Maps Mashups","Sterling","Udell","Fachbuch IT",2008,"Apress",9781430216209,,,"Buch","Ja",,,"Hauptstelle Metalab"
"Managing Projects with make","Andrew","Oram","Fachbuch IT",1991,"O'Reilly Media, Inc.",9780937175903,,,"Buch","Ja",,,"Hauptstelle Metalab"
"Technische Anschlußbedinungen für den Anschluß an öffentliche Versorgungsnetze mit Betriebsspannungen unter 1000 Volt",,,"Fachbuch Elektronik",2000,"Verband der Elektrizitätswerke Österreichs",,,,"Buch","Ja",,,"Hauptstelle Metalab"
"Freie Kultur","Lawrence","Lessig","Fachbuch Diverse",2006,"Open Source Press",9783937514154,,,"Buch","Ja",,,"Hauptstelle Metalab"
"Intrusion Detection für Linux Server","Ralf","Spenneberg","Fachbuch IT",2003,"Markt+Technik Verlag",9783827264152,,,"Buch","Ja",,,"Hauptstelle Metalab"
"Ein Toolkit für urbanen Selbstbau","Michael","Fürst","Fachbuch Diverse",2017,,,,,"Buch","Ja",,,"Hauptstelle Metalab"
"happy hour cocktails",,,"Fachbuch Haushalt",2003,"Lingen Verlag",,,,"Buch","Ja",,,"Hauptstelle Metalab"
"COBOL für Pcs","Raouf","Habib","Fachbuch IT",1986,"IWT-Verlag GmbH",3883221317,,,"Buch","Ja",,,"Hauptstelle Metalab"
"Programming in Prolog","William","Clocksin","Fachbuch IT",1994,"Springer-Verlag New York Incorporated",3540175393,,,"Buch","Ja",,,"Hauptstelle Metalab"
"The HP-GL/2 Reference Guide",,,"Fachbuch IT",1990,"Reading, Mass. : Addison-Wesley",9780201563085,,,"Buch","Ja",,,"Hauptstelle Metalab"
"grundlagen der elektrotechnik und elektronik","Josef","Safarik","Fachbuch Elektronik",1972,"Bohmann Verlag K.G.",3700203012,,,"Buch","Ja",,,"Hauptstelle Metalab"
"Lehrbriefe Eletrontechnik und Elektronik",,,"Fachbuch Elektronik",1979,"Phillips GmbH",3871450014,,,"Buch","Ja",,,"Hauptstelle Metalab"
"Bounce, Tumble and Splash!","Tony","Mullen","Fachbuch IT",2008,"Wiley Publishing, Inc.",9780470192801,,,"Buch","Ja",,,"Hauptstelle Metalab"
"FORTH","Paul","Kail","Fachbuch IT",1988,"R. Oldenbourg Verlag",3486202766,,,"Buch","Ja",,,"Hauptstelle Metalab"
"Developing Google App Engine","Eugene","Ciurana","Fachbuch IT",2008,"Springer",9781430218319,,,"Buch","Ja",,,"Hauptstelle Metalab"
"Electrical Engineering","Allan","Hambley","Fachbuch Elektronik",1997,"Prentice-Hall, Inc.",9780023493317,,,"Buch","Ja",,,"Hauptstelle Metalab"
"Modern Operating Systems","Andrew","Tanenbaum","Fachbuch IT",2001,"Prentice-Hall, Inc.",9780130926418,,,"Buch","Nein",,,"Hauptstelle Metalab"
"Video Wiedergabe, Bearbeitung und Streaming unter Linux","Nils","Magnus","Fachbuch IT",2005,"Open Source Press",9783937514109,,,"Buch","Ja",,,"Hauptstelle Metalab"
"Advanced UNIX programming","Marc","Rochkind","Fachbuch IT",1985,"Pearson P T R",130118001,,,"Buch","Ja",,,"Hauptstelle Metalab"
"Linux-Firewalls mit iptables & Co.","Ralf","Spenneberg","Fachbuch IT",2006,"Pearson Deutschland GmbH",9783827321367,,,"Buch","Ja",,,"Hauptstelle Metalab"
"Märkte durch Gemeinschaft ersetzen","P.","M.","Fachbuch Wirtschaft",2012,"Verlag Lutz Schulenburg",9783894017675,,,"Buch","Ja",,,"Hauptstelle Metalab"
"Opium","William","Wolke","Fachbuch Diverse",1997,"Raymond Martin Verlag",3886312356,,,"Buch","Ja",,,"Hauptstelle Metalab"
"Psilocybin und andere Pilze","Peter","Stafford","Fachbuch Diverse",1977,"Lingen Verlag",3886312038,,,"Buch","Ja",,,"Hauptstelle Metalab"
"Java and Eclipse","Michael","Seeboerger","Fachbuch IT",2006,"MITP-Verlags GmbH & Co. KG",9783826674389,,,"Buch","Ja",,,"Hauptstelle Metalab"
"Root Server einrichten und absichern","Stefan","Schäfer","Fachbuch IT",2010,"Open Source Press",9783937514406,,,"Buch","Ja",,,"Hauptstelle Metalab"
"Elektrische Messtechnik Grundlagen","Werner","Richter","Fachbuch Elektronik",1994,"Verlag Technik Berlin",9783341011065,,,"Buch","Ja",,,"Hauptstelle Metalab"
"Der Hobby-Elektroniker greift zum IC","Dieter","Nührmann","Fachbuch Elektronik",1979,"Franzis Verlag","377236621X",,,"Buch","Ja",,,"Hauptstelle Metalab"
"Tabellenbuch Elektrotechnik, Elektronik","Horst","Rohlfing","Fachbuch Elektronik",1986,"Ferd. Dümmlers Verlag",3427530221,,,"Buch","Ja",,,"Hauptstelle Metalab"
"Zsh","Sven","Guckes","Fachbuch IT",2008,"Open Source Press",9783937514598,,,"Buch","Ja",,,"Hauptstelle Metalab"
"A/D und D/A Wandler","Rainer","Eckl","Fachbuch Elektronik",1988,"Franzis Verlag",9783772398117,,,"Buch","Ja",,,"Hauptstelle Metalab"
"Die Entdeckung des Chaos","John","Briggs","Fachbuch Naturwissenschaften",1993,"Deutscher Taschenbuch Verlag",9783423330473,,,"Buch","Ja",,,"Hauptstelle Metalab"
"Schülerduden Mathematik II",,,"Fachbuch Diverse",1991,"Brockhaus AG",9783411042739,,,"Buch","Ja",,,"Hauptstelle Metalab"
"Die sozialistische Tschechoslowakei","Vaclav","Brabec","Fachbuch Geschichte",1988,"Presseagentur Orbis",,,,"Buch","Ja",,,"Hauptstelle Metalab"
"Wie funktioniert das?",,,"Fachbuch Elektronik",1963,"Bibliographisches Institut",,,,"Buch","Ja",,,"Hauptstelle Metalab"
"Linux Server Hacks","Robert","Flickenger","Fachbuch IT",2003,"O’Reilly",9783897213616,,,"Buch","Ja",,,"Hauptstelle Metalab"
"Vegane Glücksküche","Daniela","Friedl","Kochbuch",2014,"Freya Verlag KG",9783990251539,,,"Buch","Ja",,,"Hauptstelle Metalab"
"Taschenbuch der Mathematik","I.N.","Bronstein","Fachbuch Naturwissenschaften",2001,"Verlag Harri Deutsch",3817120052,,,"Buch","Ja",,,"Hauptstelle Metalab"
"Tabellenbuch Metall","Max","Heinzler","Fachbuch Diverse",1992,"Verlag Europa Lehrmittel",,,,"Buch","Ja",,,"Hauptstelle Metalab"
"Große Elektronik Formelsammlung","Georg","Rose","Fachbuch Elektronik",1988,"Franzis Verlag",9783772353376,,,"Buch","Ja",,,"Hauptstelle Metalab"
"Einführung in die Personalverrechnung","Gottfired","Bernhart","Fachbuch Wirtschaft",2009,"Manz Verlag",9783706832861,,,"Buch","Ja",,,"Hauptstelle Metalab"
"Rechnungswesen","Klaus-Peter","Haberl","Fachbuch Wirtschaft",2007,"Manz Verlag",9783706829854,,,"Buch","Ja",,,"Hauptstelle Metalab"
"Rechnungswesen Kostenrechnung","Klaus-Peter","Haberl","Fachbuch Wirtschaft",2008,"Manz Verlag",9783706831277,,,"Buch","Ja",,,"Hauptstelle Metalab"
"Rechnungswesen Jahresabschluss","Klaus-Peter","Haberl","Fachbuch Wirtschaft",2007,"Manz Verlag",9783706829076,,,"Buch","Ja",,,"Hauptstelle Metalab"
"Rechnungswesen heute","Roland","Berlinger","Fachbuch Wirtschaft",2007,"TRAUNER Verlag",9783854991397,,,"Buch","Ja",,,"Hauptstelle Metalab"
"MicroPROLOG","Keith","Clark","Fachbuch IT",1987,"R. Oldenbourg Verlag",3486202685,,,"Buch","Ja",,,"Hauptstelle Metalab"
"Using and Porting GNU CC","Richard","Stallman","Fachbuch IT",1999,"Free Software Foundation",9781882114382,,,"Buch","Ja",,,"Hauptstelle Metalab"
"Photoshop Elements 2018","Jürgen","Wolf","Fachbuch IT",2017,"Rheinwerk Verlag",9783836258975,,,"Buch","Ja",,,"Hauptstelle Metalab"
"Biologie","Horst","Bayrhuber","Fachbuch Naturwissenschaften",2010,"Bildungshaus Schulbuchverlage Westermann Schroedel Diesterweg Schöningh Winklers GmbH",9783507101012,,,"Buch","Ja",,,"Hauptstelle Metalab"
"Oberstufenwissen Biologie","Michael","Walory","Fachbuch Naturwissenschaften",2012,"Bildungshaus Schulbuchverlage Westermann Schroedel Diesterweg Schöningh Winklers GmbH",9783507230422,,,"Buch","Ja",,,"Hauptstelle Metalab"
"Die klassiker der Physik","Stephen","Hawking","Fachbuch Naturwissenschaften",2004,"Hoffmann und Campe","345509404X",,,"Buch","Ja",,,"Hauptstelle Metalab"
"Do Androids Sleep with Electric Sheep","Johannes","Grenzfurthner","Fachbuch Naturwissenschaften",2009,"Re-Search Publications",9781889307237,,,"Buch","Ja",,,"Hauptstelle Metalab"
"Designing without Tables using CSS","Rachel","Andrew","Fachbuch IT",2006,"Sitepoint Pty Limited",9780975240274,,,"Buch","Ja",,,"Hauptstelle Metalab"
"Die McDonaldisierung der Gesellschaft","George","Ritzer","Fachbuch Geschichte",1995,"S. Fischer Verlag","310066051X",,,"Buch","Ja",,,"Hauptstelle Metalab"
"How to solve it","G.","Polya","Fachbuch Naturwissenschaften",1973,"Princeton University Press",9780691119663,,,"Buch","Ja",,,"Hauptstelle Metalab"
"COCOA Programming for Mac OS X","Aaron","Hillegass","Fachbuch IT",2004,"Addison-Wesley Professional",9780321213143,,,"Buch","Ja",,,"Hauptstelle Metalab"
"Android","Heiko","Mosemann","Fachbuch IT",2009,"Hanser Verlag",9783446417281,,,"Buch","Ja",,,"Hauptstelle Metalab"
"prOnnovation?","Johannes","Grenzfurthner","Fachbuch Naturwissenschaften",2008,"RE/SEARCH",9781889307206,,,"Buch","Ja",,,"Hauptstelle Metalab"
"Principia Discordia","Robert Anton","Wilson","Fachbuch Diverse",2000,"Phänomen-Verlag Gitta Peyn",9783933321206,,,"Buch","Ja",,,"Hauptstelle Metalab"
"Of Intercourse and Intracourse","Johannes","Grenzfurthner","Fachbuch Naturwissenschaften",2012,"RE/SEARCH",9781889307305,,,"Buch","Ja",,,"Hauptstelle Metalab"
"Screw the System","Johannes","Grenzfurthner","Fachbuch Naturwissenschaften",2013,"RE/SEARCH",9781889307312,,,"Buch","Ja",,,"Hauptstelle Metalab"
"Struts 2 in Action","Donald","Brown","Fachbuch IT",2008,"Manning Publications Co",9781933988078,,,"Buch","Ja",,,"Hauptstelle Metalab"
"MySQL","Paul","DuBois","Fachbuch IT",2009,"Pearson Education, Inc",9780672329388,,,"Buch","Ja",,,"Hauptstelle Metalab"
"Game Programming Genus 4","Andrew","Kirmse","Fachbuch IT",2004,"Charles River Media, Inc.",9781584502951,,,"Buch","Ja",,,"Hauptstelle Metalab"
"Galliope mini","Phillip","Kiefer","Fachbuch IT",2018,"Rheinwerk Verlag",9783842104938,,,"Buch","Ja",,,"Hauptstelle Metalab"
"Game Programming Genus 2","Mark","DeLoura","Fachbuch IT",2001,"Cengage Learning",9781584500544,,,"Buch","Ja",,,"Hauptstelle Metalab"
"Die kürzeste Geschichte der Zeit","Stephen","Hawking","Belletristik",2005,"Rowohlt Verlag GmbH","349802986X",,,"Buch","Ja",,,"Hauptstelle Metalab"
"Physik Kompakt",,,"Fachbuch Naturwissenschaften",2005,"Tosa Verlagsgesellschaft m.B.H.",9783854929789,,,"Buch","Ja",,,"Hauptstelle Metalab"
"In the beginning... was the command line","Neal","Stephenson","Fachbuch IT",1999,"Avon Books Inc",9780380815937,,,"Buch","Ja",,,"Hauptstelle Metalab"
"Linux Firewall Schnellkonfiguration","Till","Dierkesmann","Fachbuch IT",2006,"mitp Redline GmbH",9783826615849,,,"Buch","Ja",,,"Hauptstelle Metalab"
"Learning iPython for Interactive Computing and Data Visualization","Cyrille","Rossant","Fachbuch IT",2013,"Packt Pub Limited",9781782169932,,,"Buch","Ja",,,"Hauptstelle Metalab"
"Digitaltechnik","Klaus","Friecke","Fachbuch Elektronik",2005,"Springer-Verlag",9783528338619,,,"Buch","Ja",,,"Hauptstelle Metalab"
"Learning the vi","Linda","Lamb","Fachbuch IT",1998,"O'Reilly Media, Inc.",9781565924260,,,"Buch","Ja",,,"Hauptstelle Metalab"
"Conversation on Sculpture","Glenn","Harper","Fachbuch Diverse",2007,"Isc Press",9780295987415,,,"Buch","Ja",,,"Hauptstelle Metalab"
"Game Programming Genus 6","Michael","Dickheiser","Fachbuch IT",2006,"Charles River Media, Inc.",9781584504504,,,"Buch","Ja",,,"Hauptstelle Metalab"
"DNS und BIND","Paul","Albitz","Fachbuch IT",2002,"O'Reilly Germany",9783897212909,,,"Buch","Ja",,,"Hauptstelle Metalab"
"PC-Netzwerke","Axel","Schemberg","Fachbuch IT",2006,"Galileo Press",9783898427500,,,"Buch","Ja",,,"Hauptstelle Metalab"
"Statistik für Sozialwissenschaften","Steffen-M.","Kühnel","Fachbuch Sozialwissenschaften",,,9783499556395,,,"Buch","Ja","Ja",,"Außenstelle Waffelkollektiv"
"Qualitative Sozialforschung","Uwe","Flick","Fachbuch Sozialwissenschaften",,,9783499556944,,,"Buch","Ja","Ja",,"Außenstelle Waffelkollektiv"
"Empirische Sozialforschung","Andreas","Diekmann","Fachbuch Sozialwissenschaften",,,9783499556784,,,"Buch","Ja","Ja",,"Außenstelle Waffelkollektiv"
"Politikwissenschaft","Herfried","Münkler","Fachbuch Sozialwissenschaften",,,9783499556487,,,"Buch","Ja","Ja",,"Außenstelle Waffelkollektiv"
"Kodex Bürgerliches Recht 2017/18","Werner","Doralt","Fachbuch Recht",,,9783700765455,,,"Buch","Ja","Ja",,"Außenstelle Waffelkollektiv"
"Kodex Strafrecht 2018","Werner","Doralt","Fachbuch Recht",,,9783700769835,,,"Buch","Ja","Ja",,"Außenstelle Waffelkollektiv"
"Kodex Verfassungsrecht 2017","Werner","Doralt","Fachbuch Recht",,,9783700765837,,,"Buch","Ja","Ja",,"Außenstelle Waffelkollektiv"
"Kodex Europarecht 2017","Werner","Doralt","Fachbuch Recht",,,9783700765509,,,"Buch","Ja","Ja",,"Außenstelle Waffelkollektiv"
"Einführung in die Rechtswissenschaften","Harald","Eberhard","Fachbuch Recht",,,9783708916156,,,"Buch","Ja","Ja",,"Außenstelle Waffelkollektiv"
"Lernprogramm Strafrecht Allgemeiner Teil","Diethelm","Kienapfel","Fachbuch Recht",,,9783214121884,,,"Buch","Ja","Ja",,"Außenstelle Waffelkollektiv"
"Strafrecht Besonderer Teil","Herbert","Wegscheider","Fachbuch Recht",,,9783214070748,,,"Buch","Ja","Ja",,"Außenstelle Waffelkollektiv"
"Übungsbuch zur Einführung in die Rechtswissenschaften und ihre Methoden","Elio","Dalpra","Fachbuch Recht",,,9783704676290,,,"Buch","Ja","Ja",,"Außenstelle Waffelkollektiv"
"Grundzüge der juristischen Methodenlehre","Franz","Bydlinski","Fachbuch Recht",,,9783825236595,,,"Buch","Ja","Ja",,"Außenstelle Waffelkollektiv"
"Datenschutz und Privacy by Design im Identitätsmanagement","Walter","Hötzendorfer","Fachbuch Recht",,,9783903035133,,,"Buch","Ja","Ja",,"Außenstelle Waffelkollektiv"
"LexPack 2016","Lisa","Schüller","Fachbuch Recht",,,,,,"Buch","Ja","Ja",,"Außenstelle Waffelkollektiv"
"Politik und Recht – Studienbuch","Stefan","Gschiegl","Fachbuch Recht",,,9783708912455,,,"Buch","Ja","Ja",,"Außenstelle Waffelkollektiv"
"Politik und Recht – Spannungsfelder der Gesellschaft","Manfred","Welan","Fachbuch Recht",,,9783708908410,,,"Buch","Ja","Ja",,"Außenstelle Waffelkollektiv"
"Medien und Kommunikationspolitik","Hannes","Haas","Fachbuch Sozialwissenschaften",,,9783700315469,,,"Buch","Ja","Ja",,"Außenstelle Waffelkollektiv"
"juridikum 4/2014",,,"Fachbuch Recht",,,,10195394,,"Zeitschrift","Ja","Ja",,"Außenstelle Waffelkollektiv"
"juridikum 2/2017",,,"Fachbuch Recht",,,,10195394,,"Zeitschrift","Ja","Ja",,"Außenstelle Waffelkollektiv"
"juridikum 2/2017",,,"Fachbuch Recht",,,,10195394,,"Zeitschrift","Ja","Ja",,"Außenstelle Waffelkollektiv"
"juridikum 3/2017",,,"Fachbuch Recht",,,,10195394,,"Zeitschrift","Ja","Ja",,"Außenstelle Waffelkollektiv"
"juridikum 5/2017",,,"Fachbuch Recht",,,,10195394,,"Zeitschrift","Ja","Ja",,"Außenstelle Waffelkollektiv"
"juridikum 1/2018",,,"Fachbuch Recht",,,,10195394,,"Zeitschrift","Ja","Ja",,"Außenstelle Waffelkollektiv"
"juridikum 2/2018",,,"Fachbuch Recht",,,,10195394,,"Zeitschrift","Ja","Ja",,"Außenstelle Waffelkollektiv"
"EU – quo vadis?","Gunther","Hauser","Fachbuch Diverse",,,9783903121638,,,"Zeitschrift","Ja","Ja",,"Außenstelle Waffelkollektiv"
"Das Universum in der Nussschale","Stephen","Hawking","Fachbuch Naturwissenschaften",,,,,,"Buch","Ja","Ja",,"Außenstelle Waffelkollektiv"
"Handbuch Überwachung","Angelika","Adensamer","Fachbuch Recht",,,9783200068704,,,"Buch","Ja","Ja",,"Außenstelle Waffelkollektiv"
"Kodex Verfassungsrecht 2019/2020","Werner","Doralt","Fachbuch Recht",2019,"LexisNexis Verlag ARD Orac GmbH & Co KG",9783700773061,,,"Buch","Ja","Ja",,"Hauptstelle Metalab"
"Die Freiheit, Frei zu sein","Hannah","Arendt","Fachbuch Philosophie",2018,"dtv Verlagsgesellschaft mbH & Co. KG",9783423146517,,,"Buch","Ja","Ja",,"Außenstelle Waffelkollektiv"
"Europadämmerung","Ivan","Krastev","Fachbuch Sozialwissenschaften",2018,"Suhrkamp Verlag",9783518127124,,,"Buch","Ja","Ja",,"Außenstelle Waffelkollektiv"
"Internetfreiheit","Walter","Berka","Fachbuch Diverse",2019,"Manz Verlag",9783214164386,,,"Buch","Ja","Ja",,"Außenstelle Waffelkollektiv"
"Der Verbandseinfluss auf die Gesetzgebung in Österreich und Deutschland","Alice","Bischof","Fachbuch Sozialwissenschaften",2004,"GRIN Verlag GmbH",9783638763035,,,"Buch","Ja","Ja",,"Außenstelle Waffelkollektiv"
"Das qualitative Intervieww","Ulrike","Froschauer","Fachbuch Sozialwissenschaften",2003,"UTB",9783825224189,,,"Buch","Ja","Ja",,"Außenstelle Waffelkollektiv"
"The Great Transformation","Karl","Polanyi","Fachbuch Sozialwissenschaften",2017,"Suhrkamp Verlag",9783518278604,,,"Buch","Ja","Ja",,"Außenstelle Waffelkollektiv"
"Die Arbeitslosen von Marienthal. Ein soziographischer Versuch","Marie","Jahoda","Fachbuch Sozialwissenschaften",2015,"Suhrkamp Verlag",9783518107690,,,"Buch","Ja","Ja",,"Außenstelle Waffelkollektiv"
"Einführung in die Arbeitstechniken der Politikwissenschaft","Klaus","Schlichte","Fachbuch Sozialwissenschaften",2015,"Springer Fachmedien",9783531174259,,,"Buch","Ja","Ja",,"Außenstelle Waffelkollektiv"
"Spieltheorie","Thomas","Riechmann","Fachbuch Formalwissenschaften",2014,"Verlag Franz Vahlen GmbH",9783800647507,,,"Buch","Ja","Ja",,"Außenstelle Waffelkollektiv"
"Klassiker der Ökonomie","Michael","Hüther","Fachbuch Ökonomie",2007,"Wirtschaftsblatt Verlag GmbH",3893317597,,,"Buch","Ja","Ja",,"Außenstelle Waffelkollektiv"
"Theories of Terrorism","Daniela","Pisoiu","Fachbuch Sozialwissenschaften",2018,"Routledger",9780415826082,,,"Buch","Ja","Ja",,"Außenstelle Waffelkollektiv"
"Was ist Gesellschaft?","Thomas","Schwietring","Fachbuch Sozialwissenschaften",2018,"UTB",9783825287375,,,"Buch","Ja","Ja",,"Außenstelle Waffelkollektiv"
"Was ist Politik?","Thomas","Meyer","Fachbuch Sozialwissenschaften",2010,"VS Verlag für Sozialwissenschaften",9783531164670,,,"Buch","Ja","Ja",,"Außenstelle Waffelkollektiv"
"Einführung in die Systemtheorie","Niklas","Luhmann","Fachbuch Sozialwissenschaften",2017,"Carl-Auer Verlag GmbH",9783896708397,,,"Buch","Ja","Ja",,"Außenstelle Waffelkollektiv"
"Abkürzungs- und Zitierregeln","Peter","Dax","Fachbuch Recht",2012,"Manz Verlag",9783214061999,,,"Buch","Ja","Ja",,"Außenstelle Waffelkollektiv"
"Texte zur Politischen Philosophie","Marcel","van Ackern","Fachbuch Sozialwissenschaften",2014,"Philipp Reclam jun. GmbH & Co. KG",9783150192672,,,"Buch","Ja","Ja",,"Außenstelle Waffelkollektiv"
"Politische Theorie 1","Christian","Schwaabe","Fachbuch Sozialwissenschaften",2010,"UTB",9783825229313,,,"Buch","Ja","Ja",,"Außenstelle Waffelkollektiv"
"Politische Theorie 2","Christian","Schwaabe","Fachbuch Sozialwissenschaften",2013,"UTB",9783825239091,,,"Buch","Ja","Ja",,"Außenstelle Waffelkollektiv"
"Die Ibiza-Affäre","Frederik","Obermaier","Fachbuch Sozialwissenschaften",2019,"Kiwi Verlag",9783462054071,,,"Buch","Ja","Ja",,"Außenstelle Waffelkollektiv"
"Hackers : heroes of the computer revolution","Stefen","Levy","Fachbuch Diverse",2010,"O'Reilly",9781449388393,,,"Buch","Ja","Ja",,"Außenstelle Waffelkollektiv"
"Das Harvardkonzept","Roger","Fisher","Fachbuch Diverse",2009,"Campus Verlag",9783593389820,,,"Buch","Ja","Ja",,"Außenstelle Waffelkollektiv"
"The Gifts of Imperfection","Brené","Brown","Fachbuch Diverse",2010,"Hanzelden Publishing",9781592858491,,,"Buch","Ja","Ja",,"Außenstelle Waffelkollektiv"
"Quantitative Sozialforschung","Dietmar","Paier","Fachbuch Sozialwissenschaften",2010,"Facultas",9783708906300,,,"Buch","Ja","Ja",,"Außenstelle Waffelkollektiv"
"Die neue ArbeiterInnenklasse","Veronika","Mena","Fachbuch Sozialwissenschaften",2018,"Verlag des österreichischen Gewerkschaftsbundes",9783990464069,,,"Buch","Ja","Ja",,"Außenstelle Brigittenau I"
"QST 02/2009",,,"Fachbuch Funk",2009,"ARRL",,"00304812",,"Zeitschrift","Ja",,,"Hauptstelle Metalab"
"QST 06/2009",,,"Fachbuch Funk",2010,"ARRL",,"00304813",,"Zeitschrift","Ja",,,"Hauptstelle Metalab"
"QST 05/2009",,,"Fachbuch Funk",2011,"ARRL",,"00304814",,"Zeitschrift","Ja",,,"Hauptstelle Metalab"
"Wiener Flaktürme","Ernst","Böck","Fachbuch Geschichte",2002,"Magistrat der Stadt Wien",3902015462,,,"Buch","Ja",,,"Hauptstelle Metalab"
"Asterix bei den Belgiern","Rene","Goscinny","Comic",2001,"Egmont Ehapa Verlag",4398556007809,,,"Zeitschrift","Ja",,,"Hauptstelle Metalab"
"Lucky Luke Band 18","Rene","Goscinny","Comic",1978,"Egmont Ehapa Verlag",,,,"Zeitschrift","Ja",,,"Hauptstelle Metalab"
"Dungeons & Dragons Basic Rulebook","Tom","Moldvay","Fachbuch Diverse",1981,"Random House, Inc.","0935696482",,,"Buch","Ja",,,"Hauptstelle Metalab"
"Dungeons & Dragons Expert Rulebook","David","Cook","Fachbuch Diverse",1981,"Random House, Inc.","0935696296",,,"Buch","Ja",,,"Hauptstelle Metalab"
"Lucky Luke Band 53","Rene","Goscinny","Comic",1994,"DELTA Verlagsgesellschaft mbH",4398556106809,,,"Zeitschrift","Ja",,,"Hauptstelle Metalab"
"FUNKAMATEUR 08/2006",,,"Fachbuch Funk",2006,"Box 73 Amateurfunkservice GmbH",,"00162833",,"Zeitschrift","Ja",,,"Hauptstelle Metalab"
"Haking 03/2009","Ewa","Dudzic","Fachbuch IT",2009,"Software Wydawnictwo Sp.z.o.o.",,,,"Zeitschrift","Ja",,,"Hauptstelle Metalab"
"Programming in Scala","Martin","Odersky","Fachbuch IT",2007,"Artima, Inc.",9780981531601,,,"Buch","Ja",,,"Hauptstelle Metalab"
"C# 4.0 in a nutshell","Joseph","Albabari","Fachbuch IT",2010,"O’Reilly",9780596800956,,,"Buch","Ja",,,"Hauptstelle Metalab"
"Marijuana Garden Saver","J.C.","Stitch","Fachbuch Diverse",2008,"Quick American",9780932551917,,,"Buch","Ja",,,"Hauptstelle Metalab"
"Siemens Datenbuch 1993/1994",,,"Fachbuch Elektronik",1993,"Siemens AG",,,,"Buch","Ja",,,"Hauptstelle Metalab"
"Handbuch Überwachung","Angelika","Adensamer","Fachbuch Recht",2020,"epicenter.works",9783200068704,,,"Zeitschrift","Ja",,,"Hauptstelle Metalab"
"Mathematische Formelsammlung für Ingenieure und Naturwissenschaftler","Lothar","Papula","Fachbuch Naturwissenschaften",2014,"Springer Science+Business Media",9783834819130,,,"Buch","Ja",,,"Hauptstelle Metalab"
"RESTful Web Services","Leonard","Richardson","Fachbuch IT",2007,"O'Reilly",9780596529260,,,"Buch","Ja",,,"Hauptstelle Metalab"
"SVG Essentials","J. David","Eisenberg","Fachbuch IT",2002,"O'Reilly",9780596002237,,,"Buch","Ja",,,"Hauptstelle Metalab"
"PostScript",,,"Fachbuch IT",1985,"Addison-Wesley Publishing Company",9780201101799,,,"Buch","Ja",,,"Hauptstelle Metalab"
"Practical C Programming","Steve","Oualline","Fachbuch IT",1997,"O'Reilly",9781565923065,,,"Buch","Ja",,,"Hauptstelle Metalab"
"Einführung in die Kryptographie","Johannes","Buchmann","Fachbuch IT",2000,"Springer",9783540405085,,,"Buch","Ja",,,"Hauptstelle Metalab"
"Samba","Jay","Ts","Fachbuch IT",2003,"O'Reilly",9783897213593,,,"Buch",,,,"Hauptstelle Metalab"
"Make: Electronics Second Edition","Charles","Platt","Fachbuch Elektronik",2015,"Helpful Corperation",9781680450262,,,"Buch","Nein",,,"Hauptstelle Metalab"
"Make: More Electronics","Charles","Paier","Fachbuch Elektronik",2014,"Helpful Corperation",9781449344047,,,"Buch","Nein",,,"Hauptstelle Metalab"
"Lift in Action","Timothy","Perrett","Fachbuch IT",2012,"Manning Publications Co",9781935182801,,,"Buch","Ja",,,"Hauptstelle Metalab"
"Building Scalable Web Sites","Cal","Henderson","Fachbuch IT",2006,"O'Reilly",9780596102357,,,"Buch","Ja",,,"Hauptstelle Metalab"
"Datenbuch 1980/1981",,,"Fachbuch Elektronik",1980,"Siemens AG",,,,"Buch","Ja",,,"Hauptstelle Metalab"
"Mäuslis Spiele und Experimente","Kristina","Franke","Fachbuch Naturwissenschaften",1997,"Nikol Verlagsgesellschaft mbH",9783930656707,,,"Buch","Ja",,,"Hauptstelle Metalab"
"Computer Networks","Andrew","Tanenbaum","Fachbuch IT",2003,"Pearson Education International",9780130384881,,,"Buch","Ja",,,"Hauptstelle Metalab"
"Software Engineering mit UML","Wolfgang","Zuser","Fachbuch IT",2001,"Pearson Deutschland GmbH",9783827370273,,,"Buch","Ja",,,"Hauptstelle Metalab"
"3D Game Engine Architecture","David","Eberly","Fachbuch IT",2005,"Elsevier Inc.",9780122290640,,,"Buch","Ja",,,"Hauptstelle Metalab"
"Android 8","Thomas","Künneth","Fachbuch IT",2018,"Rheinwerk Verlag",9783836260589,,,"Buch","Ja",,,"Hauptstelle Metalab"
"Gabler Versicherungslexikon","Fred","Wagner","Fachbuch Recht",2011,"Springer Fachmedien",9783834901927,,,"Buch","Ja",,,"Hauptstelle Metalab"
"Compilerbau Teil 2","Alfred","Aho","Fachbuch IT",1999,"Oldenburg Verlag",9783486252668,,,"Buch","Ja",,,"Hauptstelle Metalab"
"Transmetropolian dirge","Warren","Ellis","Comic",,"Vertigo Comics",1563899531,,,"Zeitschrift","Ja",,,"Hauptstelle Metalab"
"Transmetropolian","Warren","Ellis","Comic",,"Vertigo Speed",3933773245,,,"Zeitschrift","Ja",,,"Hauptstelle Metalab"
"Transmetropolian the new scum","Warren","Ellis","Comic",,"Vertigo Comics",1563896273,,,"Zeitschrift","Ja",,,"Hauptstelle Metalab"
"Einführung in das Web",,,"Fachbuch IT",1999,"New Horizons Publishing Center",9783854946045,,,"Buch","Ja",,,"Hauptstelle Metalab"
"Extreme Programming Explained","Kent","Beck","Fachbuch IT",2000,"Addison-Wesley",9780201616415,,,"Buch","Ja",,,"Hauptstelle Metalab"
"Don’t make me think! Web Usability","Steve","Krug","Fachbuch IT",2006,"mitp Redline GmbH",9783826615955,,,"Buch","Ja",,,"Hauptstelle Metalab"
"Professional PHP Design Patterns","Aaron","Saray","Fachbuch IT",2009,"Wiley Publishing, Inc.",9780470496701,,,"Buch","Ja",,,"Hauptstelle Metalab"
"Google App Engine","Dana","Sanderson","Fachbuch IT",2009,"O'Reilly",9780596522728,,,"Buch","Ja",,,"Hauptstelle Metalab"
"Exceptional C++ Style","Herb","Sutter","Fachbuch IT",2005,"Addison-Wesley",9780201760422,,,"Buch","Ja",,,"Hauptstelle Metalab"
"Ein Fall für dich und das Tiger-Team: Der Schatz des lieben Augustin","Thomas","Brezina","Belletristik",2005,"echomedia verlags ges.m.b.h",,,,"Buch","Ja",,,"Hauptstelle Metalab"
"Chemie für Pharmazeuten und Biologen I","Hans","Latscha","Fachbuch Naturwissenschaften",1987,"Springer Verlag",3540183043,,,"Buch","Ja",,,"Hauptstelle Metalab"
"Schülerduden Die Chemie",,,"Fachbuch Diverse",1988,"Dudenverlag",3411022183,,,"Buch","Ja",,,"Hauptstelle Metalab"
"Einführung in die Operationsverstärker-Technik","Dieter","Hirschmann","Fachbuch Elektronik",1981,"Franzis Verlag",3772306438,,,"Buch","Ja",,,"Hauptstelle Metalab"
"Berechnung von Senderbaugruppen","Thomas","Patzer","Fachbuch Elektronik",1991,"vde-verlag gmbh",3800717727,,,"Buch","Ja",,,"Hauptstelle Metalab"
"Kleine Elektronik-Formelsammlung","Georg","Rose","Fachbuch Elektronik",1987,"Franzis Verlag",9783772306877,,,"Buch","Ja",,,"Hauptstelle Metalab"
"Labirintus","Larry","Collins","Belletristik",1991,,9637660089,,,"Buch","Ja",,,"Hauptstelle Metalab"
"Wir bauen Rundfunkempfänger","Richard","Zierl","Fachbuch Funk",1972,"Franckh’sche Verlagshandlung",3440039277,,,"Buch","Ja",,,"Hauptstelle Metalab"
"Starkstromtechnik","Franz","Rudolf","Fachbuch Elektronik",1961,"R. Oldenbourg Verlag",,,,"Buch","Nein",,,"Hauptstelle Metalab"
"Wir arbeiten mit Thyristoren","Hennig","Gamlich","Fachbuch Elektronik",1973,"Franckh’sche Verlagshandlung",3440039900,,,"Buch","Ja",,,"Hauptstelle Metalab"
"2600 – 22/2",,,"Fachbuch IT",2005,"2600 Enterprises Inc.",,"07493851",,"Zeitschrift","Ja",,,"Hauptstelle Metalab"
"2600 – 21/04",,,"Fachbuch IT",2005,"2601 Enterprises Inc.",,"07493851",,"Zeitschrift","Ja",,,"Hauptstelle Metalab"
"2600 – 21/03",,,"Fachbuch IT",2004,"2602 Enterprises Inc.",,"07493851",,"Zeitschrift","Ja",,,"Hauptstelle Metalab"
"2600 – 25/01",,,"Fachbuch IT",2008,"2603 Enterprises Inc.",,"07493851",,"Zeitschrift","Ja",,,"Hauptstelle Metalab"
"2600 – 21/02",,,"Fachbuch IT",2004,"2604 Enterprises Inc.",,"07493851",,"Zeitschrift","Ja",,,"Hauptstelle Metalab"
"2600 – 24/02",,,"Fachbuch IT",2007,"2605 Enterprises Inc.",,"07493851",,"Zeitschrift","Ja",,,"Hauptstelle Metalab"
"2600 – 24/03",,,"Fachbuch IT",2007,"2606 Enterprises Inc.",,"07493851",,"Zeitschrift","Ja",,,"Hauptstelle Metalab"
"2600 – 23/03",,,"Fachbuch IT",2006,"2607 Enterprises Inc.",,"07493851",,"Zeitschrift","Ja",,,"Hauptstelle Metalab"
"2600 – 23/01",,,"Fachbuch IT",2006,"2608 Enterprises Inc.",,"07493851",,"Zeitschrift","Ja",,,"Hauptstelle Metalab"
"2600 – 24/04",,,"Fachbuch IT",2008,"2609 Enterprises Inc.",,"07493851",,"Zeitschrift","Ja",,,"Hauptstelle Metalab"
"2600 – 19/04",,,"Fachbuch IT",2003,"2610 Enterprises Inc.",,"07493851",,"Zeitschrift","Ja",,,"Hauptstelle Metalab"
"2600 – 22/01",,,"Fachbuch IT",2005,"2611 Enterprises Inc.",,"07493851",,"Zeitschrift","Ja",,,"Hauptstelle Metalab"
"2600 – 24/01",,,"Fachbuch IT",2007,"2612 Enterprises Inc.",,"07493851",,"Zeitschrift","Ja",,,"Hauptstelle Metalab"
"2600 – 23/02",,,"Fachbuch IT",2006,"2613 Enterprises Inc.",,"07493851",,"Zeitschrift","Ja",,,"Hauptstelle Metalab"
"2600 – 25/02",,,"Fachbuch IT",2008,"2614 Enterprises Inc.",,"07493851",,"Zeitschrift","Ja",,,"Hauptstelle Metalab"
"2600 – 21/01",,,"Fachbuch IT",2004,"2615 Enterprises Inc.",,"07493851",,"Zeitschrift","Ja",,,"Hauptstelle Metalab"
"Giles 94 Classics",,,"Comic",1993,"Pedigree Books Limited",9781874507154,,,"Buch","Ja",,,"Hauptstelle Metalab"
"Wer nichts weiss, muss alles glauben","Werner","Gruber","Fachbuch Naturwissenschaften",2010,"Ecowin Verlag",9783902404930,,,"Buch","Ja",,,"Hauptstelle Metalab"
"The Art of Computer Programming","Donald","Knuth","Fachbuch IT",2005,"Addison-Wesley","0201896842",,,"Buch","Ja",,,"Hauptstelle Metalab"
"LISP","Patrick","Winston","Fachbuch IT",1984,"Addison-Wesley","0201083728",,,"Buch","Ja",,,"Hauptstelle Metalab"
"Foundations of Agile Python Development","Jeffrey","Younker","Fachbuch IT",2008,"Springer-Verlag New York Incorporated",9781590599815,,,"Buch","Ja",,,"Hauptstelle Metalab"
"Kodex Wehrrecht 2019","Werner","Doralt","Fachbuch Recht",2019,"LexisNexis Verlag ARD Orac GmbH & Co KG",9783700772286,,,"Buch","Ja",,,"Hauptstelle Metalab"
"Python in Practice","Mark","Summerfield","Fachbuch IT",2014,"Qtrac Ltd",9780321905635,,,"Buch","Ja",,,"Hauptstelle Metalab"
"PyQt und PySide","Peter","Bouda","Fachbuch IT",2012,"Open Source Press",9783941841505,,,"Buch","Ja",,,"Hauptstelle Metalab"
"Game Programming Genus 3","Dante","Treglia","Fachbuch IT",2002,"Charles River Media, Inc.",9781584502333,,,"Buch","Ja",,,"Hauptstelle Metalab"
"Transmetropolian Years of the Bastard","Marren","Ellis","Comic",1999,"DC Comics",1563895684,,,"Buch","Ja",,,"Hauptstelle Metalab"
"Lex & yakk","Helmut","Herold","Fachbuch IT",2003,"Addison-Wesley",9783827320964,,,"Buch","Ja",,,"Hauptstelle Metalab"
"Hinweise für die Anwendung von Entscheidungs- und Optimierungsmethoden im Verkehrswesen",,"Keller","Fachbuch Diverse",1982,"Forschungsgesellschaft für Straßen- und Verkehrswesen",,,,"Buch","Ja",,,"Hauptstelle Metalab"
"Programming in C","Stephen","Kochan","Fachbuch IT",1991,"Hayden Book Company",,,,"Buch","Ja",,,"Hauptstelle Metalab"
"Marken – Labels – Brands","Martin","Baltes","Fachbuch Diverse",2004,"Orange-press",3936086192,,,"Buch","Ja",,,"Hauptstelle Metalab"
"Modern C++ Design","Andrei","Alexandrescu","Fachbuch IT",2001,"Addison-Wesley",9780201704310,,,"Buch","Ja",,,"Hauptstelle Metalab"
"Das Gespräch der Therapie","Hermann","Lang","Fachbuch Naturwissenschaften",2000,"Suhrkamp Verlag",9783518288931,,,"Buch","Ja",,,"Hauptstelle Metalab"
"Professionelle Schaltungstechnik","Dieter","Nührmann","Fachbuch Elektronik",1989,"Franzis Verlag",3772367127,,,"Buch","Ja",,,"Hauptstelle Metalab"
"Fuzzy-Logik und Fuzzy-Control","Georg","Jaanineh","Fachbuch Elektronik",1996,"Vogel",3802315359,,,"Buch","Ja",,,"Hauptstelle Metalab"
"Kodex Besonderes Verwaltungsrecht 2020","Werner","Doralt","Fachbuch Recht",2020,"LexisNexis Verlag ARD Orac GmbH & Co KG",9783700776376,,,"Buch","Ja",,,"Hauptstelle Metalab"
"Rich-Client-Entwicklung mit Eclipse 3.3","Berthold","Daum","Fachbuch IT",2008,"dpunkt.verlag GmbH",9783898645034,,,"Buch","Ja",,,"Hauptstelle Metalab"
"Modern Operating Systems","Andrew","Tanenbaum","Fachbuch IT",2001,"Prentice-Hall, Inc.",9780130926418,,,"Buch","Ja",,,"Hauptstelle Metalab"
"Computer Architecture","John","Hennessy","Fachbuch IT",2003,"Morgan Kaufmann Publishers",1558607242,,,"Buch","Ja",,,"Hauptstelle Metalab"
"Computer Organization & Design","David","Patterson","Fachbuch IT",1994,"Morgan Kaufmann Publishers",9781558602823,,,"Buch","Ja",,,"Hauptstelle Metalab"
"Computer Organization & Design","David","Patterson","Fachbuch IT",1998,"Morgan Kaufmann Publishers",9781558604919,,,"Buch","Ja",,,"Hauptstelle Metalab"
"Dynamic HTML","Danny","Goodman","Fachbuch IT",2002,"O'Reilly",9780596003166,,,"Buch","Ja",,,"Hauptstelle Metalab"
"Praxisleitfaden Compliance","Roman","Sartor","Fachbuch Wirtschaft",2015,"LexisNexis Verlag ARD Orac GmbH & Co KG",9783700760351,,,"Buch","Ja",,,"Hauptstelle Metalab"
"Munin","Gabriele","Pohl","Fachbuch IT",2008,"Open Source Press",9783937514482,,,"Buch","Ja",,,"Hauptstelle Metalab"
"MySQL","Rolf","Däßler","Fachbuch IT",2001,"verlag moderne industrie Buch AG & Co KG",9783826670213,,,"Buch","Ja",,,"Hauptstelle Metalab"
"Elektromagnetische Wandler und Sensoren","W.","Cassing","Fachbuch Elektronik",1989,"expert verlag",3816901573,,,"Buch","Ja",,,"Hauptstelle Metalab"
"The TTL Data Book",,,"Fachbuch Elektronik",1986,,"090404727X",,,"Buch","Ja",,,"Hauptstelle Metalab"
"JavaScript","David","Flanagan","Fachbuch IT",2002,"O'Reilly",9780596000486,,,"Buch","Ja",,,"Hauptstelle Metalab"
"DOM Scripting","Jeremy","Keith","Fachbuch IT",2005,"Springer-Verlag New York Incorporated",9781590595336,,,"Buch","Ja",,,"Hauptstelle Metalab"
"Java Micro Edition","Klaus-Dieter","Schmatz","Fachbuch IT",2007,"dpunkt.verlag GmbH",9783898644181,,,"Buch","Ja",,,"Hauptstelle Metalab"
"Kodex EU-Chemikalienrecht 2019","Werner","Doralt","Fachbuch Recht",2019,"LexisNexis Verlag ARD Orac GmbH & Co KG",9783700772637,,,"Buch","Ja",,,"Hauptstelle Metalab"
"Postdigital Dialogues on Critical Pedagogy, Liberation Theology and Information Technology","Peter","McLaren","Fachbuch Pädagogik","2020","Bloomsbury Academic",9781350144668,,,"Buch","Nein",,,"Außenstelle nospace"

